Datetime,Open,High,Low,Close,Volume
2026-03-02 09:15:00+05:30,59204.3,60080.7,59148.0,60049.8,0
2026-03-02 09:20:00+05:30,60064.95,60167.15,60023.3,60051.0,0
2026-03-02 09:25:00+05:30,60051.35,60152.2,60006.15,60105.65,0
2026-03-02 09:30:00+05:30,60104.2,60177.5,60092.35,60153.5,0
2026-03-02 09:35:00+05:30,60151.25,60163.85,60097.4,60113.45,0
2026-03-02 09:40:00+05:30,60111.65,60154.35,60071.9,60111.8,0
2026-03-02 09:45:00+05:30,60115.1,60122.05,60037.0,60047.8,0
2026-03-02 09:50:00+05:30,60043.0,60053.75,59959.7,59959.7,0
2026-03-02 09:55:00+05:30,59971.55,60058.3,59962.75,60029.35,0
2026-03-02 10:00:00+05:30,60027.95,60037.9,59944.55,59947.2,0
2026-03-02 10:05:00+05:30,59949.0,59956.85,59867.85,59884.1,0
2026-03-02 10:10:00+05:30,59883.55,59913.15,59853.1,59907.2,0
2026-03-02 10:15:00+05:30,59906.35,59922.8,59822.4,59841.8,0
2026-03-02 10:20:00+05:30,59843.8,59854.95,59814.95,59820.75,0
2026-03-02 10:25:00+05:30,59820.9,59859.95,59809.4,59824.2,0
2026-03-02 10:30:00+05:30,59819.7,59879.3,59809.1,59861.35,0
2026-03-02 10:35:00+05:30,59859.25,59875.8,59784.7,59791.85,0
2026-03-02 10:40:00+05:30,59791.05,59800.35,59736.8,59740.7,0
2026-03-02 10:45:00+05:30,59736.0,59791.3,59736.0,59745.95,0
2026-03-02 10:50:00+05:30,59742.1,59779.25,59723.75,59731.7,0
2026-03-02 10:55:00+05:30,59731.5,59834.3,59723.35,59818.2,0
2026-03-02 11:00:00+05:30,59815.65,59884.15,59804.55,59860.25,0
2026-03-02 11:05:00+05:30,59859.0,59881.1,59813.75,59838.6,0
2026-03-02 11:10:00+05:30,59838.3,59849.75,59809.05,59836.25,0
2026-03-02 11:15:00+05:30,59839.85,59871.75,59826.75,59827.45,0
2026-03-02 11:20:00+05:30,59824.75,59842.05,59806.15,59829.25,0
2026-03-02 11:25:00+05:30,59826.15,59852.6,59801.05,59806.15,0
2026-03-02 11:30:00+05:30,59805.5,59859.9,59797.55,59852.4,0
2026-03-02 11:35:00+05:30,59849.15,59864.4,59829.7,59857.6,0
2026-03-02 11:40:00+05:30,59857.9,59867.95,59832.1,59854.6,0
2026-03-02 11:45:00+05:30,59854.3,59887.0,59804.65,59821.9,0
2026-03-02 11:50:00+05:30,59822.45,59829.45,59780.7,59802.05,0
2026-03-02 11:55:00+05:30,59800.0,59801.85,59760.9,59766.0,0
2026-03-02 12:00:00+05:30,59766.45,59773.1,59725.05,59749.5,0
2026-03-02 12:05:00+05:30,59752.45,59781.15,59730.05,59762.55,0
2026-03-02 12:10:00+05:30,59756.2,59791.5,59721.9,59723.65,0
2026-03-02 12:15:00+05:30,59719.6,59739.9,59666.15,59687.6,0
2026-03-02 12:20:00+05:30,59676.35,59735.75,59672.8,59727.75,0
2026-03-02 12:25:00+05:30,59728.25,59786.2,59723.25,59756.1,0
2026-03-02 12:30:00+05:30,59756.7,59760.45,59724.7,59747.85,0
2026-03-02 12:35:00+05:30,59746.95,59762.65,59648.45,59660.3,0
2026-03-02 12:40:00+05:30,59664.95,59694.9,59630.65,59635.2,0
2026-03-02 12:45:00+05:30,59635.2,59678.65,59594.95,59636.4,0
2026-03-02 12:50:00+05:30,59634.95,59719.8,59630.1,59690.0,0
2026-03-02 12:55:00+05:30,59686.55,59705.4,59655.4,59665.55,0
2026-03-02 13:00:00+05:30,59673.1,59696.95,59654.7,59660.75,0
2026-03-02 13:05:00+05:30,59660.55,59671.6,59629.4,59630.8,0
2026-03-02 13:10:00+05:30,59629.2,59653.6,59619.7,59625.85,0
2026-03-02 13:15:00+05:30,59628.2,59655.0,59605.55,59618.55,0
2026-03-02 13:20:00+05:30,59618.15,59624.5,59590.9,59596.15,0
2026-03-02 13:25:00+05:30,59596.1,59602.3,59569.95,59587.1,0
2026-03-02 13:30:00+05:30,59587.25,59597.1,59537.25,59542.85,0
2026-03-02 13:35:00+05:30,59541.55,59577.3,59526.8,59548.8,0
2026-03-02 13:40:00+05:30,59549.25,59551.95,59503.6,59544.05,0
2026-03-02 13:45:00+05:30,59545.0,59561.35,59507.15,59510.5,0
2026-03-02 13:50:00+05:30,59508.15,59518.3,59439.3,59447.8,0
2026-03-02 13:55:00+05:30,59448.45,59449.65,59368.15,59384.2,0
2026-03-02 14:00:00+05:30,59381.25,59657.7,59345.3,59590.0,0
2026-03-02 14:05:00+05:30,59586.7,59764.5,59580.9,59668.2,0
2026-03-02 14:10:00+05:30,59670.7,59747.2,59662.8,59723.25,0
2026-03-02 14:15:00+05:30,59724.8,59749.2,59668.1,59693.25,0
2026-03-02 14:20:00+05:30,59694.05,59729.95,59662.15,59714.75,0
2026-03-02 14:25:00+05:30,59714.7,59718.0,59623.3,59636.35,0
2026-03-02 14:30:00+05:30,59638.95,59716.15,59615.95,59716.15,0
2026-03-02 14:35:00+05:30,59718.55,59803.35,59717.2,59785.65,0
2026-03-02 14:40:00+05:30,59787.95,59869.35,59787.75,59826.2,0
2026-03-02 14:45:00+05:30,59826.55,59885.8,59748.05,59852.8,0
2026-03-02 14:50:00+05:30,59852.35,59869.3,59814.8,59853.05,0
2026-03-02 14:55:00+05:30,59852.35,59870.5,59747.85,59764.8,0
2026-03-02 15:00:00+05:30,59744.65,59833.35,59709.75,59806.2,0
2026-03-02 15:05:00+05:30,59806.2,59840.75,59725.3,59793.8,0
2026-03-02 15:10:00+05:30,59793.8,59909.7,59764.95,59909.25,0
2026-03-02 15:15:00+05:30,59910.5,59953.45,59853.5,59943.05,0
2026-03-02 15:20:00+05:30,59945.05,59956.35,59883.45,59903.7,0
2026-03-02 15:25:00+05:30,59903.55,59942.15,59838.7,59856.05,0
2026-03-04 09:15:00+05:30,58447.15,58996.95,58393.55,58870.15,0
2026-03-04 09:20:00+05:30,58875.05,58882.4,58761.9,58767.05,0
2026-03-04 09:25:00+05:30,58770.7,58795.9,58699.15,58756.35,0
2026-03-04 09:30:00+05:30,58751.75,58821.95,58695.4,58695.4,0
2026-03-04 09:35:00+05:30,58695.5,58769.45,58655.15,58707.05,0
2026-03-04 09:40:00+05:30,58704.5,58758.8,58692.7,58747.85,0
2026-03-04 09:45:00+05:30,58747.95,58753.6,58571.15,58582.35,0
2026-03-04 09:50:00+05:30,58580.3,58641.15,58576.9,58581.4,0
2026-03-04 09:55:00+05:30,58576.65,58586.4,58540.35,58550.2,0
2026-03-04 10:00:00+05:30,58545.8,58632.2,58508.6,58607.2,0
2026-03-04 10:05:00+05:30,58613.35,58649.5,58562.85,58645.0,0
2026-03-04 10:10:00+05:30,58646.9,58726.0,58591.8,58717.45,0
2026-03-04 10:15:00+05:30,58720.3,58724.5,58631.55,58672.3,0
2026-03-04 10:20:00+05:30,58673.7,58753.9,58655.75,58703.3,0
2026-03-04 10:25:00+05:30,58702.5,58723.65,58641.2,58651.7,0
2026-03-04 10:30:00+05:30,58652.4,58670.55,58611.3,58629.8,0
2026-03-04 10:35:00+05:30,58625.3,58635.95,58573.55,58588.7,0
2026-03-04 10:40:00+05:30,58589.85,58597.85,58537.2,58589.7,0
2026-03-04 10:45:00+05:30,58589.7,58633.65,58563.75,58576.15,0
2026-03-04 10:50:00+05:30,58579.35,58580.8,58532.65,58538.4,0
2026-03-04 10:55:00+05:30,58536.45,58538.25,58452.95,58501.95,0
2026-03-04 11:00:00+05:30,58508.75,58631.95,58496.1,58605.35,0
2026-03-04 11:05:00+05:30,58604.3,58665.35,58582.65,58663.05,0
2026-03-04 11:10:00+05:30,58663.45,58686.55,58625.7,58633.4,0
2026-03-04 11:15:00+05:30,58631.9,58641.35,58588.8,58593.65,0
2026-03-04 11:20:00+05:30,58588.85,58628.45,58563.2,58567.95,0
2026-03-04 11:25:00+05:30,58565.7,58568.6,58509.1,58512.05,0
2026-03-04 11:30:00+05:30,58511.55,58523.75,58484.55,58521.4,0
2026-03-04 11:35:00+05:30,58520.6,58576.95,58517.9,58558.25,0
2026-03-04 11:40:00+05:30,58557.65,58559.6,58514.5,58523.0,0
2026-03-04 11:45:00+05:30,58521.6,58554.25,58509.85,58546.25,0
2026-03-04 11:50:00+05:30,58546.1,58560.35,58511.1,58517.5,0
2026-03-04 11:55:00+05:30,58518.85,58535.9,58506.5,58522.85,0
2026-03-04 12:00:00+05:30,58526.45,58547.2,58521.1,58541.45,0
2026-03-04 12:05:00+05:30,58543.4,58546.2,58509.8,58522.75,0
2026-03-04 12:10:00+05:30,58527.7,58528.9,58479.25,58482.0,0
2026-03-04 12:15:00+05:30,58484.65,58501.2,58468.25,58472.25,0
2026-03-04 12:20:00+05:30,58477.55,58532.75,58473.75,58527.6,0
2026-03-04 12:25:00+05:30,58529.65,58557.9,58512.5,58520.05,0
2026-03-04 12:30:00+05:30,58520.8,58555.45,58519.6,58548.2,0
2026-03-04 12:35:00+05:30,58547.3,58585.5,58535.55,58554.15,0
2026-03-04 12:40:00+05:30,58552.75,58557.5,58525.45,58534.7,0
2026-03-04 12:45:00+05:30,58534.7,58551.65,58511.95,58526.45,0
2026-03-04 12:50:00+05:30,58528.2,58546.65,58520.35,58532.6,0
2026-03-04 12:55:00+05:30,58534.3,58603.35,58531.9,58589.9,0
2026-03-04 13:00:00+05:30,58589.3,58620.0,58588.5,58607.65,0
2026-03-04 13:05:00+05:30,58604.55,58656.55,58585.4,58654.65,0
2026-03-04 13:10:00+05:30,58653.1,58754.0,58647.15,58739.4,0
2026-03-04 13:15:00+05:30,58737.35,58752.95,58662.35,58667.4,0
2026-03-04 13:20:00+05:30,58665.7,58718.0,58639.85,58714.05,0
2026-03-04 13:25:00+05:30,58712.2,58756.1,58691.3,58694.65,0
2026-03-04 13:30:00+05:30,58691.55,58711.2,58633.0,58636.95,0
2026-03-04 13:35:00+05:30,58632.45,58664.9,58609.0,58662.05,0
2026-03-04 13:40:00+05:30,58663.95,58710.25,58629.6,58708.15,0
2026-03-04 13:45:00+05:30,58709.2,58710.6,58646.55,58662.0,0
2026-03-04 13:50:00+05:30,58661.75,58667.6,58622.35,58631.75,0
2026-03-04 13:55:00+05:30,58633.45,58676.8,58622.5,58669.35,0
2026-03-04 14:00:00+05:30,58672.0,58719.25,58669.55,58699.3,0
2026-03-04 14:05:00+05:30,58701.1,58829.7,58661.6,58818.8,0
2026-03-04 14:10:00+05:30,58824.65,58971.2,58788.0,58965.45,0
2026-03-04 14:15:00+05:30,58965.8,59034.75,58965.8,58987.0,0
2026-03-04 14:20:00+05:30,58985.8,58989.4,58891.8,58893.4,0
2026-03-04 14:25:00+05:30,58895.95,58915.75,58834.6,58874.15,0
2026-03-04 14:30:00+05:30,58875.35,58926.1,58829.55,58884.0,0
2026-03-04 14:35:00+05:30,58883.15,58902.9,58853.95,58876.35,0
2026-03-04 14:40:00+05:30,58880.2,58988.85,58877.2,58974.35,0
2026-03-04 14:45:00+05:30,58973.8,59058.4,58896.25,59016.2,0
2026-03-04 14:50:00+05:30,59015.85,59026.5,58985.75,58997.2,0
2026-03-04 14:55:00+05:30,58994.9,59033.8,58938.7,58965.95,0
2026-03-04 15:00:00+05:30,58969.45,58978.85,58831.05,58832.85,0
2026-03-04 15:05:00+05:30,58832.85,58848.9,58711.7,58713.0,0
2026-03-04 15:10:00+05:30,58713.0,58735.95,58679.1,58723.95,0
2026-03-04 15:15:00+05:30,58723.95,58735.1,58666.75,58672.0,0
2026-03-04 15:20:00+05:30,58672.0,58768.75,58657.6,58760.0,0
2026-03-04 15:25:00+05:30,58760.0,58777.0,58714.65,58759.65,0
2026-03-05 09:15:00+05:30,59008.25,59025.65,58809.7,58955.8,0
2026-03-05 09:20:00+05:30,58960.85,59038.8,58930.0,59030.85,0
2026-03-05 09:25:00+05:30,59036.3,59088.7,58914.95,58927.05,0
2026-03-05 09:30:00+05:30,58942.6,58980.45,58901.7,58927.25,0
2026-03-05 09:35:00+05:30,58932.65,58935.2,58879.35,58895.2,0
2026-03-05 09:40:00+05:30,58894.1,59005.35,58850.25,58997.65,0
2026-03-05 09:45:00+05:30,59000.1,59046.1,58979.25,59025.6,0
2026-03-05 09:50:00+05:30,59023.8,59029.2,58956.6,59008.0,0
2026-03-05 09:55:00+05:30,59008.05,59011.7,58884.25,58888.8,0
2026-03-05 10:00:00+05:30,58888.75,58947.1,58882.15,58889.0,0
2026-03-05 10:05:00+05:30,58888.15,58981.4,58883.7,58981.4,0
2026-03-05 10:10:00+05:30,58981.4,58993.65,58954.5,58957.25,0
2026-03-05 10:15:00+05:30,58954.85,58992.85,58944.6,58947.8,0
2026-03-05 10:20:00+05:30,58950.95,58954.25,58897.65,58912.15,0
2026-03-05 10:25:00+05:30,58918.15,58925.4,58846.1,58921.85,0
2026-03-05 10:30:00+05:30,58920.4,58953.55,58872.45,58883.25,0
2026-03-05 10:35:00+05:30,58886.4,58969.5,58853.3,58962.3,0
2026-03-05 10:40:00+05:30,58961.6,59002.0,58935.15,58988.8,0
2026-03-05 10:45:00+05:30,58987.95,58991.6,58926.05,58929.25,0
2026-03-05 10:50:00+05:30,58925.0,58945.3,58904.05,58925.75,0
2026-03-05 10:55:00+05:30,58927.8,59004.8,58924.3,58992.55,0
2026-03-05 11:00:00+05:30,58994.9,59052.05,58992.0,59044.65,0
2026-03-05 11:05:00+05:30,59050.1,59127.3,59032.65,59112.3,0
2026-03-05 11:10:00+05:30,59111.9,59141.0,59080.35,59093.05,0
2026-03-05 11:15:00+05:30,59087.85,59120.15,59063.4,59111.9,0
2026-03-05 11:20:00+05:30,59114.9,59114.9,59043.05,59054.8,0
2026-03-05 11:25:00+05:30,59057.8,59062.8,58965.8,58976.7,0
2026-03-05 11:30:00+05:30,58975.9,58975.9,58866.15,58918.25,0
2026-03-05 11:35:00+05:30,58919.95,58919.95,58852.95,58902.85,0
2026-03-05 11:40:00+05:30,58900.8,58908.85,58854.2,58862.9,0
2026-03-05 11:45:00+05:30,58864.2,58864.2,58751.0,58752.45,0
2026-03-05 11:50:00+05:30,58756.95,58773.15,58692.8,58773.15,0
2026-03-05 11:55:00+05:30,58776.05,58790.7,58686.3,58724.0,0
2026-03-05 12:00:00+05:30,58725.75,58762.0,58710.05,58748.05,0
2026-03-05 12:05:00+05:30,58761.65,58775.95,58709.25,58736.5,0
2026-03-05 12:10:00+05:30,58744.05,58810.6,58732.65,58781.0,0
2026-03-05 12:15:00+05:30,58781.4,58781.4,58716.95,58746.3,0
2026-03-05 12:20:00+05:30,58747.55,58835.15,58740.85,58796.55,0
2026-03-05 12:25:00+05:30,58800.25,58865.45,58777.65,58854.7,0
2026-03-05 12:30:00+05:30,58854.1,58908.55,58851.55,58853.85,0
2026-03-05 12:35:00+05:30,58852.9,58857.2,58801.9,58837.15,0
2026-03-05 12:40:00+05:30,58837.85,58847.2,58793.5,58812.95,0
2026-03-05 12:45:00+05:30,58812.9,58816.5,58748.2,58808.8,0
2026-03-05 12:50:00+05:30,58811.15,58909.6,58786.35,58905.4,0
2026-03-05 12:55:00+05:30,58909.05,58915.0,58851.05,58859.9,0
2026-03-05 13:00:00+05:30,58860.0,58888.95,58817.3,58818.0,0
2026-03-05 13:05:00+05:30,58814.9,58855.6,58812.25,58849.45,0
2026-03-05 13:10:00+05:30,58853.75,58885.5,58836.45,58850.95,0
2026-03-05 13:15:00+05:30,58854.25,58855.9,58804.45,58811.2,0
2026-03-05 13:20:00+05:30,58814.25,58866.3,58792.45,58852.4,0
2026-03-05 13:25:00+05:30,58852.55,58890.1,58815.4,58884.7,0
2026-03-05 13:30:00+05:30,58885.25,58897.05,58734.0,58764.65,0
2026-03-05 13:35:00+05:30,58766.5,58769.1,58683.95,58689.2,0
2026-03-05 13:40:00+05:30,58695.15,58721.4,58664.05,58686.15,0
2026-03-05 13:45:00+05:30,58686.05,58727.6,58663.7,58693.25,0
2026-03-05 13:50:00+05:30,58696.85,58697.65,58561.35,58589.05,0
2026-03-05 13:55:00+05:30,58586.95,58604.8,58550.9,58581.0,0
2026-03-05 14:00:00+05:30,58584.5,58643.8,58569.4,58626.05,0
2026-03-05 14:05:00+05:30,58628.8,58639.6,58572.7,58572.7,0
2026-03-05 14:10:00+05:30,58570.05,58588.45,58544.75,58559.5,0
2026-03-05 14:15:00+05:30,58561.4,58596.05,58510.0,58512.6,0
2026-03-05 14:20:00+05:30,58512.6,58698.9,58506.4,58683.2,0
2026-03-05 14:25:00+05:30,58683.2,58767.05,58629.4,58734.25,0
2026-03-05 14:30:00+05:30,58734.85,58734.95,58570.8,58586.45,0
2026-03-05 14:35:00+05:30,58584.3,58789.85,58572.05,58777.85,0
2026-03-05 14:40:00+05:30,58778.6,58961.15,58772.1,58878.75,0
2026-03-05 14:45:00+05:30,58875.85,58963.65,58846.2,58962.9,0
2026-03-05 14:50:00+05:30,58961.75,59232.4,58955.45,59202.75,0
2026-03-05 14:55:00+05:30,59200.5,59274.35,59139.4,59257.7,0
2026-03-05 15:00:00+05:30,59259.05,59265.5,59096.4,59159.1,0
2026-03-05 15:05:00+05:30,59159.1,59164.45,59060.65,59068.05,0
2026-03-05 15:10:00+05:30,59068.05,59089.1,58917.0,58926.55,0
2026-03-05 15:15:00+05:30,58926.55,59040.25,58922.2,58926.85,0
2026-03-05 15:20:00+05:30,58926.85,58949.15,58885.1,58916.25,0
2026-03-05 15:25:00+05:30,58916.25,59000.9,58911.8,58970.25,0
2026-03-06 09:15:00+05:30,58629.6,58807.15,58521.7,58534.65,0
2026-03-06 09:20:00+05:30,58528.3,58568.4,58495.25,58527.95,0
2026-03-06 09:25:00+05:30,58530.65,58575.8,58515.1,58571.45,0
2026-03-06 09:30:00+05:30,58570.15,58614.05,58499.9,58502.1,0
2026-03-06 09:35:00+05:30,58504.25,58570.85,58456.7,58508.2,0
2026-03-06 09:40:00+05:30,58508.8,58607.8,58487.35,58605.55,0
2026-03-06 09:45:00+05:30,58602.9,58666.8,58566.15,58574.6,0
2026-03-06 09:50:00+05:30,58572.6,58598.1,58516.9,58517.95,0
2026-03-06 09:55:00+05:30,58517.75,58542.05,58487.35,58495.25,0
2026-03-06 10:00:00+05:30,58486.95,58518.2,58412.5,58448.5,0
2026-03-06 10:05:00+05:30,58448.35,58506.65,58406.85,58480.25,0
2026-03-06 10:10:00+05:30,58479.0,58491.4,58445.3,58445.65,0
2026-03-06 10:15:00+05:30,58441.55,58480.9,58430.5,58467.55,0
2026-03-06 10:20:00+05:30,58469.95,58469.95,58424.45,58442.2,0
2026-03-06 10:25:00+05:30,58442.9,58467.45,58382.2,58405.6,0
2026-03-06 10:30:00+05:30,58404.0,58410.05,58356.9,58361.7,0
2026-03-06 10:35:00+05:30,58361.4,58426.0,58336.25,58402.8,0
2026-03-06 10:40:00+05:30,58405.45,58427.0,58380.55,58413.25,0
2026-03-06 10:45:00+05:30,58413.7,58431.25,58346.35,58347.55,0
2026-03-06 10:50:00+05:30,58347.7,58422.2,58332.7,58387.9,0
2026-03-06 10:55:00+05:30,58389.3,58389.8,58363.95,58372.4,0
2026-03-06 11:00:00+05:30,58378.9,58431.25,58353.65,58425.0,0
2026-03-06 11:05:00+05:30,58425.15,58468.7,58416.75,58429.7,0
2026-03-06 11:10:00+05:30,58433.4,58435.3,58350.7,58368.75,0
2026-03-06 11:15:00+05:30,58369.15,58378.65,58303.6,58340.15,0
2026-03-06 11:20:00+05:30,58340.7,58386.9,58334.3,58340.45,0
2026-03-06 11:25:00+05:30,58349.45,58358.5,58326.5,58353.35,0
2026-03-06 11:30:00+05:30,58350.25,58377.65,58329.8,58377.45,0
2026-03-06 11:35:00+05:30,58374.55,58418.85,58370.3,58411.05,0
2026-03-06 11:40:00+05:30,58411.5,58456.1,58371.25,58376.9,0
2026-03-06 11:45:00+05:30,58375.65,58406.15,58366.15,58390.1,0
2026-03-06 11:50:00+05:30,58389.45,58393.2,58340.05,58352.15,0
2026-03-06 11:55:00+05:30,58351.2,58370.55,58333.3,58337.9,0
2026-03-06 12:00:00+05:30,58337.4,58337.6,58291.25,58294.3,0
2026-03-06 12:05:00+05:30,58295.35,58374.3,58289.5,58366.5,0
2026-03-06 12:10:00+05:30,58364.0,58382.45,58331.75,58331.75,0
2026-03-06 12:15:00+05:30,58336.05,58364.2,58325.65,58341.45,0
2026-03-06 12:20:00+05:30,58342.15,58347.9,58313.85,58342.4,0
2026-03-06 12:25:00+05:30,58344.45,58348.5,58235.35,58235.35,0
2026-03-06 12:30:00+05:30,58239.15,58281.9,58239.05,58265.9,0
2026-03-06 12:35:00+05:30,58267.75,58275.4,58252.05,58255.55,0
2026-03-06 12:40:00+05:30,58257.05,58317.8,58240.95,58303.85,0
2026-03-06 12:45:00+05:30,58304.1,58319.05,58272.65,58303.0,0
2026-03-06 12:50:00+05:30,58305.3,58321.4,58275.15,58279.95,0
2026-03-06 12:55:00+05:30,58278.4,58307.1,58261.0,58296.3,0
2026-03-06 13:00:00+05:30,58296.2,58322.85,58251.45,58281.7,0
2026-03-06 13:05:00+05:30,58280.35,58281.25,58242.95,58248.8,0
2026-03-06 13:10:00+05:30,58250.95,58277.85,58247.4,58264.85,0
2026-03-06 13:15:00+05:30,58262.95,58269.8,58249.95,58256.4,0
2026-03-06 13:20:00+05:30,58259.0,58322.5,58246.45,58289.4,0
2026-03-06 13:25:00+05:30,58290.1,58300.05,58266.05,58279.2,0
2026-03-06 13:30:00+05:30,58279.15,58298.6,58230.65,58246.75,0
2026-03-06 13:35:00+05:30,58247.95,58346.75,58223.2,58282.55,0
2026-03-06 13:40:00+05:30,58283.9,58305.85,58256.25,58260.1,0
2026-03-06 13:45:00+05:30,58260.1,58263.8,58211.85,58244.5,0
2026-03-06 13:50:00+05:30,58240.9,58286.1,58225.2,58237.3,0
2026-03-06 13:55:00+05:30,58233.3,58236.95,58195.1,58201.5,0
2026-03-06 14:00:00+05:30,58202.35,58238.05,58156.25,58193.35,0
2026-03-06 14:05:00+05:30,58189.65,58244.3,58168.1,58239.95,0
2026-03-06 14:10:00+05:30,58236.05,58287.9,58234.4,58240.0,0
2026-03-06 14:15:00+05:30,58241.25,58291.25,58237.65,58277.9,0
2026-03-06 14:20:00+05:30,58280.95,58287.3,58259.55,58282.65,0
2026-03-06 14:25:00+05:30,58286.1,58295.4,58221.15,58231.85,0
2026-03-06 14:30:00+05:30,58230.9,58245.8,58203.45,58212.1,0
2026-03-06 14:35:00+05:30,58209.3,58213.05,58133.85,58145.35,0
2026-03-06 14:40:00+05:30,58143.75,58144.45,58053.55,58068.5,0
2026-03-06 14:45:00+05:30,58067.7,58134.45,57871.05,57958.5,0
2026-03-06 14:50:00+05:30,57956.3,58065.75,57944.5,58008.45,0
2026-03-06 14:55:00+05:30,58009.25,58013.35,57931.2,57944.9,0
2026-03-06 15:00:00+05:30,57932.2,57943.05,57859.5,57872.45,0
2026-03-06 15:05:00+05:30,57872.45,57873.4,57796.9,57840.0,0
2026-03-06 15:10:00+05:30,57842.2,57851.0,57727.8,57747.55,0
2026-03-06 15:15:00+05:30,57755.5,57757.35,57696.4,57728.3,0
2026-03-06 15:20:00+05:30,57736.4,57796.3,57732.8,57759.75,0
2026-03-06 15:25:00+05:30,57757.5,57798.8,57728.55,57782.4,0
2026-03-09 09:15:00+05:30,56121.4,56274.15,55517.65,55608.95,0
2026-03-09 09:20:00+05:30,55611.15,55639.3,55397.95,55407.9,0
2026-03-09 09:25:00+05:30,55406.15,55418.75,55272.75,55409.3,0
2026-03-09 09:30:00+05:30,55410.25,55627.75,55401.95,55531.1,0
2026-03-09 09:35:00+05:30,55528.3,55559.25,55478.7,55536.95,0
2026-03-09 09:40:00+05:30,55537.45,55551.45,55370.3,55370.3,0
2026-03-09 09:45:00+05:30,55372.55,55480.7,55270.6,55444.15,0
2026-03-09 09:50:00+05:30,55440.4,55503.25,55383.5,55456.4,0
2026-03-09 09:55:00+05:30,55450.2,55475.25,55425.6,55432.3,0
2026-03-09 10:00:00+05:30,55432.2,55464.3,55323.7,55373.15,0
2026-03-09 10:05:00+05:30,55373.3,55530.1,55363.2,55525.05,0
2026-03-09 10:10:00+05:30,55522.55,55586.8,55502.1,55522.4,0
2026-03-09 10:15:00+05:30,55518.05,55518.05,55386.75,55410.55,0
2026-03-09 10:20:00+05:30,55405.4,55490.55,55394.5,55418.55,0
2026-03-09 10:25:00+05:30,55416.85,55430.75,55346.85,55414.0,0
2026-03-09 10:30:00+05:30,55414.45,55424.85,55279.15,55280.1,0
2026-03-09 10:35:00+05:30,55284.65,55432.35,55276.4,55353.95,0
2026-03-09 10:40:00+05:30,55351.8,55384.1,55307.2,55366.85,0
2026-03-09 10:45:00+05:30,55364.45,55367.55,55297.25,55318.35,0
2026-03-09 10:50:00+05:30,55315.8,55735.15,55299.75,55685.1,0
2026-03-09 10:55:00+05:30,55679.35,55832.15,55641.55,55772.7,0
2026-03-09 11:00:00+05:30,55788.1,55805.55,55670.25,55724.0,0
2026-03-09 11:05:00+05:30,55719.45,55739.35,55633.6,55637.25,0
2026-03-09 11:10:00+05:30,55636.4,55646.25,55499.0,55605.45,0
2026-03-09 11:15:00+05:30,55607.0,55675.35,55542.7,55668.55,0
2026-03-09 11:20:00+05:30,55670.1,55793.5,55667.4,55732.05,0
2026-03-09 11:25:00+05:30,55731.25,55847.2,55697.85,55816.9,0
2026-03-09 11:30:00+05:30,55821.3,55901.6,55790.85,55834.55,0
2026-03-09 11:35:00+05:30,55831.75,55877.85,55812.6,55865.2,0
2026-03-09 11:40:00+05:30,55860.85,55952.75,55820.2,55824.3,0
2026-03-09 11:45:00+05:30,55825.65,55845.0,55734.8,55763.55,0
2026-03-09 11:50:00+05:30,55762.75,55785.55,55737.8,55775.8,0
2026-03-09 11:55:00+05:30,55778.55,55787.55,55734.45,55746.5,0
2026-03-09 12:00:00+05:30,55748.75,55751.7,55671.7,55730.95,0
2026-03-09 12:05:00+05:30,55729.1,55742.45,55663.6,55663.75,0
2026-03-09 12:10:00+05:30,55661.75,55737.45,55635.1,55687.85,0
2026-03-09 12:15:00+05:30,55686.65,55739.1,55663.25,55668.95,0
2026-03-09 12:20:00+05:30,55671.9,55694.7,55629.1,55694.7,0
2026-03-09 12:25:00+05:30,55693.55,55706.8,55666.9,55690.65,0
2026-03-09 12:30:00+05:30,55692.8,55726.95,55646.45,55646.45,0
2026-03-09 12:35:00+05:30,55645.7,55743.65,55627.85,55731.1,0
2026-03-09 12:40:00+05:30,55726.45,55773.65,55684.7,55739.45,0
2026-03-09 12:45:00+05:30,55738.35,55769.25,55663.1,55676.15,0
2026-03-09 12:50:00+05:30,55672.65,55757.25,55670.8,55756.0,0
2026-03-09 12:55:00+05:30,55754.4,55821.85,55710.55,55808.45,0
2026-03-09 13:00:00+05:30,55805.9,55837.25,55752.9,55818.8,0
2026-03-09 13:05:00+05:30,55813.6,55826.05,55743.25,55753.2,0
2026-03-09 13:10:00+05:30,55754.45,55756.45,55653.7,55690.65,0
2026-03-09 13:15:00+05:30,55688.05,55717.95,55642.2,55684.8,0
2026-03-09 13:20:00+05:30,55687.1,55781.2,55670.3,55676.2,0
2026-03-09 13:25:00+05:30,55680.85,55788.45,55661.85,55723.05,0
2026-03-09 13:30:00+05:30,55726.85,55894.9,55726.85,55836.4,0
2026-03-09 13:35:00+05:30,55835.35,55854.55,55781.85,55834.65,0
2026-03-09 13:40:00+05:30,55834.45,55861.8,55803.75,55828.95,0
2026-03-09 13:45:00+05:30,55824.15,55828.65,55742.8,55748.4,0
2026-03-09 13:50:00+05:30,55750.55,55797.2,55738.05,55772.85,0
2026-03-09 13:55:00+05:30,55771.85,55793.8,55694.95,55700.65,0
2026-03-09 14:00:00+05:30,55701.75,55712.75,55644.95,55684.4,0
2026-03-09 14:05:00+05:30,55684.95,55714.5,55652.7,55690.45,0
2026-03-09 14:10:00+05:30,55688.3,55718.55,55642.1,55647.65,0
2026-03-09 14:15:00+05:30,55662.0,55669.55,55601.45,55624.2,0
2026-03-09 14:20:00+05:30,55618.9,55710.6,55596.15,55692.7,0
2026-03-09 14:25:00+05:30,55692.65,55752.0,55681.65,55704.15,0
2026-03-09 14:30:00+05:30,55701.5,55753.5,55678.6,55689.35,0
2026-03-09 14:35:00+05:30,55685.5,55752.7,55653.9,55748.65,0
2026-03-09 14:40:00+05:30,55747.85,55838.95,55714.85,55792.7,0
2026-03-09 14:45:00+05:30,55791.75,55971.75,55767.0,55884.2,0
2026-03-09 14:50:00+05:30,55891.55,55955.55,55846.05,55953.1,0
2026-03-09 14:55:00+05:30,55953.7,55971.9,55894.05,55925.25,0
2026-03-09 15:00:00+05:30,55936.1,56028.7,55859.75,56009.2,0
2026-03-09 15:05:00+05:30,56010.75,56060.3,55963.85,55990.9,0
2026-03-09 15:10:00+05:30,55986.15,56093.6,55973.9,56082.8,0
2026-03-09 15:15:00+05:30,56084.5,56096.1,56023.05,56057.5,0
2026-03-09 15:20:00+05:30,56059.45,56059.45,55994.8,56038.2,0
2026-03-09 15:25:00+05:30,56039.4,56055.15,55987.95,55998.6,0
2026-03-10 09:15:00+05:30,56583.85,56745.65,56526.3,56550.45,0
2026-03-10 09:20:00+05:30,56548.8,56567.15,56445.55,56469.1,0
2026-03-10 09:25:00+05:30,56471.9,56594.85,56387.85,56568.05,0
2026-03-10 09:30:00+05:30,56576.1,56593.0,56480.75,56514.7,0
2026-03-10 09:35:00+05:30,56515.5,56515.7,56416.65,56426.45,0
2026-03-10 09:40:00+05:30,56421.3,56547.65,56387.2,56546.85,0
2026-03-10 09:45:00+05:30,56546.4,56577.7,56499.05,56527.2,0
2026-03-10 09:50:00+05:30,56527.85,56566.35,56495.7,56550.15,0
2026-03-10 09:55:00+05:30,56552.7,56552.7,56429.65,56467.9,0
2026-03-10 10:00:00+05:30,56463.8,56582.75,56460.2,56576.35,0
2026-03-10 10:05:00+05:30,56578.35,56605.7,56543.5,56586.3,0
2026-03-10 10:10:00+05:30,56586.65,56676.35,56562.85,56659.0,0
2026-03-10 10:15:00+05:30,56658.75,56861.0,56655.15,56849.65,0
2026-03-10 10:20:00+05:30,56848.4,56861.95,56706.15,56743.5,0
2026-03-10 10:25:00+05:30,56745.25,56773.65,56708.05,56737.3,0
2026-03-10 10:30:00+05:30,56736.5,56835.85,56725.45,56810.15,0
2026-03-10 10:35:00+05:30,56809.5,56826.25,56781.85,56807.15,0
2026-03-10 10:40:00+05:30,56808.3,56905.55,56804.1,56871.5,0
2026-03-10 10:45:00+05:30,56869.7,56941.5,56868.95,56912.3,0
2026-03-10 10:50:00+05:30,56912.75,56933.2,56796.8,56817.8,0
2026-03-10 10:55:00+05:30,56818.05,56835.65,56776.05,56806.2,0
2026-03-10 11:00:00+05:30,56804.95,56837.8,56773.15,56818.2,0
2026-03-10 11:05:00+05:30,56817.3,56866.4,56801.85,56862.3,0
2026-03-10 11:10:00+05:30,56862.45,56875.65,56838.7,56870.05,0
2026-03-10 11:15:00+05:30,56872.6,56914.3,56829.75,56841.5,0
2026-03-10 11:20:00+05:30,56849.6,56904.5,56824.9,56901.65,0
2026-03-10 11:25:00+05:30,56900.5,56935.05,56854.6,56894.9,0
2026-03-10 11:30:00+05:30,56896.8,56955.95,56882.7,56953.45,0
2026-03-10 11:35:00+05:30,56955.35,56987.8,56938.5,56970.05,0
2026-03-10 11:40:00+05:30,56969.5,56990.9,56961.8,56977.65,0
2026-03-10 11:45:00+05:30,56974.65,56986.7,56850.0,56851.9,0
2026-03-10 11:50:00+05:30,56853.05,56898.0,56817.95,56895.4,0
2026-03-10 11:55:00+05:30,56893.4,56918.55,56836.85,56888.6,0
2026-03-10 12:00:00+05:30,56887.35,56924.15,56876.3,56909.8,0
2026-03-10 12:05:00+05:30,56909.8,56952.15,56869.55,56872.85,0
2026-03-10 12:10:00+05:30,56868.95,56900.35,56776.7,56780.05,0
2026-03-10 12:15:00+05:30,56778.1,56826.2,56737.05,56812.7,0
2026-03-10 12:20:00+05:30,56812.8,56823.1,56675.85,56688.95,0
2026-03-10 12:25:00+05:30,56692.5,56717.45,56658.65,56701.45,0
2026-03-10 12:30:00+05:30,56699.5,56719.05,56670.05,56707.65,0
2026-03-10 12:35:00+05:30,56708.75,56778.45,56699.15,56704.85,0
2026-03-10 12:40:00+05:30,56702.25,56736.85,56688.15,56709.75,0
2026-03-10 12:45:00+05:30,56707.5,56820.5,56696.75,56818.25,0
2026-03-10 12:50:00+05:30,56820.7,56889.2,56790.5,56886.85,0
2026-03-10 12:55:00+05:30,56886.0,56932.6,56865.35,56895.65,0
2026-03-10 13:00:00+05:30,56893.4,56929.75,56872.3,56920.6,0
2026-03-10 13:05:00+05:30,56920.05,56922.75,56821.0,56841.05,0
2026-03-10 13:10:00+05:30,56830.8,56865.35,56783.5,56824.35,0
2026-03-10 13:15:00+05:30,56828.5,56841.85,56795.0,56835.4,0
2026-03-10 13:20:00+05:30,56838.95,56853.95,56745.95,56772.45,0
2026-03-10 13:25:00+05:30,56771.55,56817.55,56757.0,56816.55,0
2026-03-10 13:30:00+05:30,56816.95,56888.95,56816.85,56874.9,0
2026-03-10 13:35:00+05:30,56872.85,56955.45,56831.8,56927.65,0
2026-03-10 13:40:00+05:30,56925.85,56935.9,56878.25,56893.15,0
2026-03-10 13:45:00+05:30,56889.8,56907.75,56861.05,56903.5,0
2026-03-10 13:50:00+05:30,56904.5,56957.25,56897.3,56924.6,0
2026-03-10 13:55:00+05:30,56924.2,56936.0,56891.65,56899.05,0
2026-03-10 14:00:00+05:30,56897.45,56911.0,56852.45,56911.0,0
2026-03-10 14:05:00+05:30,56923.0,57033.45,56889.2,56988.7,0
2026-03-10 14:10:00+05:30,56987.85,57086.45,56985.35,57082.9,0
2026-03-10 14:15:00+05:30,57082.9,57097.05,56953.9,56979.0,0
2026-03-10 14:20:00+05:30,56976.75,56980.35,56893.9,56924.25,0
2026-03-10 14:25:00+05:30,56921.45,56950.7,56880.0,56922.4,0
2026-03-10 14:30:00+05:30,56924.35,56932.05,56790.95,56835.05,0
2026-03-10 14:35:00+05:30,56836.75,56910.9,56833.4,56873.55,0
2026-03-10 14:40:00+05:30,56874.6,56886.3,56812.0,56870.65,0
2026-03-10 14:45:00+05:30,56875.1,56921.8,56808.45,56912.4,0
2026-03-10 14:50:00+05:30,56915.85,56958.3,56876.0,56937.95,0
2026-03-10 14:55:00+05:30,56935.45,56946.15,56903.95,56946.1,0
2026-03-10 15:00:00+05:30,56947.15,56950.55,56851.1,56932.1,0
2026-03-10 15:05:00+05:30,56933.7,56973.05,56919.1,56933.85,0
2026-03-10 15:10:00+05:30,56933.0,56976.95,56905.8,56925.55,0
2026-03-10 15:15:00+05:30,56923.2,56990.65,56921.9,56973.2,0
2026-03-10 15:20:00+05:30,56969.4,57036.0,56928.45,57025.1,0
2026-03-10 15:25:00+05:30,57026.8,57071.35,56986.35,57002.1,0
2026-03-11 09:15:00+05:30,56790.4,56938.4,56714.5,56795.6,0
2026-03-11 09:20:00+05:30,56800.3,56862.85,56695.6,56703.25,0
2026-03-11 09:25:00+05:30,56700.25,56736.35,56642.75,56683.95,0
2026-03-11 09:30:00+05:30,56683.25,56687.15,56605.15,56679.35,0
2026-03-11 09:35:00+05:30,56678.35,56690.2,56611.25,56650.9,0
2026-03-11 09:40:00+05:30,56651.95,56685.95,56620.45,56664.0,0
2026-03-11 09:45:00+05:30,56664.3,56729.45,56646.6,56709.35,0
2026-03-11 09:50:00+05:30,56710.2,56728.55,56610.0,56612.2,0
2026-03-11 09:55:00+05:30,56612.55,56667.45,56583.85,56630.6,0
2026-03-11 10:00:00+05:30,56631.55,56645.4,56588.1,56644.4,0
2026-03-11 10:05:00+05:30,56642.05,56642.7,56557.3,56557.3,0
2026-03-11 10:10:00+05:30,56561.15,56574.85,56517.0,56541.7,0
2026-03-11 10:15:00+05:30,56541.85,56584.45,56524.8,56575.9,0
2026-03-11 10:20:00+05:30,56574.15,56578.3,56506.55,56551.9,0
2026-03-11 10:25:00+05:30,56553.0,56571.8,56523.7,56551.0,0
2026-03-11 10:30:00+05:30,56547.55,56559.0,56494.65,56519.9,0
2026-03-11 10:35:00+05:30,56518.0,56527.2,56388.8,56391.3,0
2026-03-11 10:40:00+05:30,56391.75,56416.05,56365.95,56386.9,0
2026-03-11 10:45:00+05:30,56386.9,56400.15,56312.25,56390.35,0
2026-03-11 10:50:00+05:30,56385.75,56408.05,56366.05,56382.25,0
2026-03-11 10:55:00+05:30,56383.55,56437.1,56372.7,56425.15,0
2026-03-11 11:00:00+05:30,56424.05,56456.1,56386.65,56453.4,0
2026-03-11 11:05:00+05:30,56453.95,56456.3,56391.4,56396.6,0
2026-03-11 11:10:00+05:30,56399.55,56399.55,56306.9,56335.65,0
2026-03-11 11:15:00+05:30,56337.4,56337.55,56218.1,56226.8,0
2026-03-11 11:20:00+05:30,56229.75,56229.75,56113.3,56113.3,0
2026-03-11 11:25:00+05:30,56118.9,56171.75,56112.6,56165.1,0
2026-03-11 11:30:00+05:30,56165.1,56169.35,56044.35,56065.6,0
2026-03-11 11:35:00+05:30,56065.45,56126.2,56022.15,56086.2,0
2026-03-11 11:40:00+05:30,56087.8,56108.55,56051.75,56107.45,0
2026-03-11 11:45:00+05:30,56109.0,56119.85,56061.85,56067.4,0
2026-03-11 11:50:00+05:30,56069.65,56089.2,56015.4,56083.2,0
2026-03-11 11:55:00+05:30,56086.4,56087.65,56030.2,56058.2,0
2026-03-11 12:00:00+05:30,56058.6,56138.9,56045.8,56131.35,0
2026-03-11 12:05:00+05:30,56134.25,56139.05,56065.95,56089.05,0
2026-03-11 12:10:00+05:30,56089.15,56141.25,56087.2,56110.45,0
2026-03-11 12:15:00+05:30,56113.2,56138.55,56098.7,56112.2,0
2026-03-11 12:20:00+05:30,56112.95,56139.65,56093.05,56121.35,0
2026-03-11 12:25:00+05:30,56120.8,56127.1,56090.15,56113.75,0
2026-03-11 12:30:00+05:30,56116.7,56165.7,56052.55,56068.5,0
2026-03-11 12:35:00+05:30,56069.65,56088.65,56008.6,56015.7,0
2026-03-11 12:40:00+05:30,56019.7,56130.05,56005.5,56123.05,0
2026-03-11 12:45:00+05:30,56127.7,56127.9,56059.0,56097.0,0
2026-03-11 12:50:00+05:30,56103.65,56138.3,56084.1,56097.15,0
2026-03-11 12:55:00+05:30,56097.7,56110.55,56055.25,56056.55,0
2026-03-11 13:00:00+05:30,56054.7,56087.95,56022.1,56042.25,0
2026-03-11 13:05:00+05:30,56044.2,56076.75,56031.75,56061.0,0
2026-03-11 13:10:00+05:30,56063.15,56063.35,55943.5,55952.25,0
2026-03-11 13:15:00+05:30,55958.3,55964.9,55897.9,55960.75,0
2026-03-11 13:20:00+05:30,55961.3,56031.05,55935.45,56026.75,0
2026-03-11 13:25:00+05:30,56027.45,56064.45,56008.0,56064.4,0
2026-03-11 13:30:00+05:30,56062.15,56125.05,56017.2,56023.0,0
2026-03-11 13:35:00+05:30,56025.2,56052.85,55989.95,55994.65,0
2026-03-11 13:40:00+05:30,55994.45,56023.05,55973.4,55988.6,0
2026-03-11 13:45:00+05:30,55989.45,55998.2,55935.45,55974.35,0
2026-03-11 13:50:00+05:30,55974.45,56019.25,55950.3,56005.2,0
2026-03-11 13:55:00+05:30,56007.45,56031.25,55978.35,56027.1,0
2026-03-11 14:00:00+05:30,56029.2,56034.0,55967.9,55998.05,0
2026-03-11 14:05:00+05:30,55999.65,56004.5,55933.9,55937.7,0
2026-03-11 14:10:00+05:30,55934.6,55961.45,55926.7,55950.7,0
2026-03-11 14:15:00+05:30,55950.85,55961.9,55874.6,55912.0,0
2026-03-11 14:20:00+05:30,55915.35,55948.9,55868.6,55868.6,0
2026-03-11 14:25:00+05:30,55869.3,56064.8,55845.1,56064.2,0
2026-03-11 14:30:00+05:30,56066.45,56076.85,55910.75,55910.75,0
2026-03-11 14:35:00+05:30,55911.5,55953.95,55903.85,55950.25,0
2026-03-11 14:40:00+05:30,55951.4,55951.4,55905.1,55921.3,0
2026-03-11 14:45:00+05:30,55923.7,55938.35,55901.45,55904.75,0
2026-03-11 14:50:00+05:30,55908.65,55928.75,55868.85,55908.7,0
2026-03-11 14:55:00+05:30,55908.6,55910.35,55796.55,55801.45,0
2026-03-11 15:00:00+05:30,55802.45,55892.0,55802.25,55817.15,0
2026-03-11 15:05:00+05:30,55817.15,55835.4,55712.15,55784.35,0
2026-03-11 15:10:00+05:30,55784.35,55805.45,55727.6,55741.8,0
2026-03-11 15:15:00+05:30,55741.8,55797.7,55703.85,55779.45,0
2026-03-11 15:20:00+05:30,55779.45,55788.2,55717.55,55733.6,0
2026-03-11 15:25:00+05:30,55734.05,55749.45,55631.95,55666.4,0
2026-03-12 09:15:00+05:30,55008.2,55067.35,54760.55,54802.65,0
2026-03-12 09:20:00+05:30,54797.9,54937.95,54780.6,54937.95,0
2026-03-12 09:25:00+05:30,54945.7,55010.5,54912.05,55009.55,0
2026-03-12 09:30:00+05:30,55014.35,55042.4,54953.95,55023.6,0
2026-03-12 09:35:00+05:30,55027.2,55028.0,54898.15,54905.0,0
2026-03-12 09:40:00+05:30,54905.0,54981.85,54893.8,54964.05,0
2026-03-12 09:45:00+05:30,54971.2,55012.3,54923.75,55001.95,0
2026-03-12 09:50:00+05:30,55002.75,55099.65,54978.6,55098.35,0
2026-03-12 09:55:00+05:30,55099.0,55235.35,55073.25,55232.75,0
2026-03-12 10:00:00+05:30,55236.75,55239.1,55163.4,55201.2,0
2026-03-12 10:05:00+05:30,55204.35,55204.35,55050.05,55070.65,0
2026-03-12 10:10:00+05:30,55080.75,55113.45,54988.75,55013.25,0
2026-03-12 10:15:00+05:30,55013.15,55056.45,54975.25,55042.25,0
2026-03-12 10:20:00+05:30,55044.7,55101.15,55000.65,55022.6,0
2026-03-12 10:25:00+05:30,55030.95,55186.6,55029.25,55182.25,0
2026-03-12 10:30:00+05:30,55180.4,55231.2,55078.3,55217.5,0
2026-03-12 10:35:00+05:30,55216.0,55301.75,55191.3,55285.0,0
2026-03-12 10:40:00+05:30,55286.8,55298.75,55173.25,55194.8,0
2026-03-12 10:45:00+05:30,55191.0,55229.3,55179.55,55208.0,0
2026-03-12 10:50:00+05:30,55196.9,55231.7,55132.5,55191.25,0
2026-03-12 10:55:00+05:30,55182.6,55308.4,55144.55,55298.85,0
2026-03-12 11:00:00+05:30,55296.65,55357.05,55277.15,55353.95,0
2026-03-12 11:05:00+05:30,55353.15,55372.65,55251.1,55261.95,0
2026-03-12 11:10:00+05:30,55260.55,55324.15,55254.8,55267.7,0
2026-03-12 11:15:00+05:30,55267.0,55295.95,55094.3,55145.65,0
2026-03-12 11:20:00+05:30,55146.0,55146.45,55053.35,55126.65,0
2026-03-12 11:25:00+05:30,55130.25,55173.85,55104.95,55141.1,0
2026-03-12 11:30:00+05:30,55140.2,55142.5,55071.85,55121.55,0
2026-03-12 11:35:00+05:30,55118.8,55127.35,55085.0,55126.95,0
2026-03-12 11:40:00+05:30,55123.95,55162.15,55099.05,55121.0,0
2026-03-12 11:45:00+05:30,55121.1,55150.4,55057.7,55064.95,0
2026-03-12 11:50:00+05:30,55060.8,55106.9,55047.5,55094.35,0
2026-03-12 11:55:00+05:30,55095.55,55198.1,55087.35,55183.0,0
2026-03-12 12:00:00+05:30,55181.35,55222.85,55177.85,55201.75,0
2026-03-12 12:05:00+05:30,55204.15,55213.9,55138.1,55160.7,0
2026-03-12 12:10:00+05:30,55160.7,55240.05,55124.3,55232.95,0
2026-03-12 12:15:00+05:30,55236.25,55241.55,55189.75,55203.85,0
2026-03-12 12:20:00+05:30,55206.75,55316.65,55200.55,55289.1,0
2026-03-12 12:25:00+05:30,55292.45,55335.15,55238.55,55271.1,0
2026-03-12 12:30:00+05:30,55268.5,55285.45,55219.55,55224.35,0
2026-03-12 12:35:00+05:30,55222.1,55226.95,55134.7,55162.85,0
2026-03-12 12:40:00+05:30,55166.4,55204.9,55140.05,55200.9,0
2026-03-12 12:45:00+05:30,55201.6,55237.05,55180.55,55192.65,0
2026-03-12 12:50:00+05:30,55195.2,55208.5,55137.1,55150.15,0
2026-03-12 12:55:00+05:30,55153.95,55199.8,55136.2,55174.3,0
2026-03-12 13:00:00+05:30,55174.75,55183.65,55125.7,55165.65,0
2026-03-12 13:05:00+05:30,55164.3,55165.1,55065.35,55112.7,0
2026-03-12 13:10:00+05:30,55115.4,55205.3,55091.1,55196.25,0
2026-03-12 13:15:00+05:30,55204.45,55208.6,55168.05,55189.1,0
2026-03-12 13:20:00+05:30,55193.15,55338.65,55179.65,55331.15,0
2026-03-12 13:25:00+05:30,55331.4,55427.5,55314.3,55409.65,0
2026-03-12 13:30:00+05:30,55408.75,55532.0,55408.75,55497.35,0
2026-03-12 13:35:00+05:30,55495.9,55528.15,55473.25,55525.05,0
2026-03-12 13:40:00+05:30,55531.8,55636.95,55484.1,55514.4,0
2026-03-12 13:45:00+05:30,55513.75,55548.5,55467.45,55506.45,0
2026-03-12 13:50:00+05:30,55508.4,55526.8,55428.8,55456.35,0
2026-03-12 13:55:00+05:30,55453.35,55454.3,55347.8,55353.25,0
2026-03-12 14:00:00+05:30,55358.2,55407.95,55337.15,55393.9,0
2026-03-12 14:05:00+05:30,55394.15,55444.5,55281.4,55289.3,0
2026-03-12 14:10:00+05:30,55287.85,55393.0,55243.1,55368.3,0
2026-03-12 14:15:00+05:30,55369.8,55418.15,55327.25,55395.3,0
2026-03-12 14:20:00+05:30,55397.25,55429.95,55370.8,55382.6,0
2026-03-12 14:25:00+05:30,55385.35,55408.8,55310.5,55316.4,0
2026-03-12 14:30:00+05:30,55314.75,55372.6,55294.8,55348.9,0
2026-03-12 14:35:00+05:30,55347.65,55357.6,55296.85,55303.6,0
2026-03-12 14:40:00+05:30,55302.95,55306.2,55162.3,55175.1,0
2026-03-12 14:45:00+05:30,55175.9,55205.85,55136.3,55188.5,0
2026-03-12 14:50:00+05:30,55187.1,55191.55,55010.75,55066.35,0
2026-03-12 14:55:00+05:30,55066.15,55106.6,55033.95,55090.1,0
2026-03-12 15:00:00+05:30,55087.5,55132.95,54997.0,55132.95,0
2026-03-12 15:05:00+05:30,55132.95,55171.1,55080.8,55171.1,0
2026-03-12 15:10:00+05:30,55171.1,55213.7,55053.45,55064.75,0
2026-03-12 15:15:00+05:30,55064.75,55151.95,55062.15,55130.05,0
2026-03-12 15:20:00+05:30,55130.05,55135.55,55088.55,55120.35,0
2026-03-12 15:25:00+05:30,55120.35,55149.55,55104.25,55133.6,0
2026-03-13 09:15:00+05:30,54592.05,54713.75,54496.9,54528.25,0
2026-03-13 09:20:00+05:30,54529.8,54531.05,54415.35,54430.5,0
2026-03-13 09:25:00+05:30,54437.55,54537.45,54361.6,54503.9,0
2026-03-13 09:30:00+05:30,54509.25,54543.6,54469.95,54496.8,0
2026-03-13 09:35:00+05:30,54502.45,54524.05,54446.1,54486.2,0
2026-03-13 09:40:00+05:30,54489.45,54503.9,54407.4,54412.85,0
2026-03-13 09:45:00+05:30,54416.25,54417.5,54263.3,54282.3,0
2026-03-13 09:50:00+05:30,54281.35,54281.9,54183.8,54231.25,0
2026-03-13 09:55:00+05:30,54233.05,54258.35,54132.9,54136.15,0
2026-03-13 10:00:00+05:30,54137.05,54208.45,54129.0,54205.4,0
2026-03-13 10:05:00+05:30,54206.2,54206.2,54117.9,54158.15,0
2026-03-13 10:10:00+05:30,54159.6,54191.5,54115.2,54148.15,0
2026-03-13 10:15:00+05:30,54154.3,54178.05,54074.25,54074.25,0
2026-03-13 10:20:00+05:30,54075.2,54090.1,54009.55,54044.3,0
2026-03-13 10:25:00+05:30,54045.7,54118.45,54029.95,54104.7,0
2026-03-13 10:30:00+05:30,54106.65,54129.5,54021.15,54024.65,0
2026-03-13 10:35:00+05:30,54027.4,54066.9,54010.6,54062.35,0
2026-03-13 10:40:00+05:30,54065.25,54065.25,53990.05,54028.95,0
2026-03-13 10:45:00+05:30,54031.3,54048.05,53962.35,54018.25,0
2026-03-13 10:50:00+05:30,54015.0,54178.95,54013.5,54136.75,0
2026-03-13 10:55:00+05:30,54142.9,54157.75,54098.55,54157.75,0
2026-03-13 11:00:00+05:30,54160.05,54160.45,54085.95,54102.2,0
2026-03-13 11:05:00+05:30,54099.3,54109.15,54058.75,54068.4,0
2026-03-13 11:10:00+05:30,54066.55,54088.15,54050.5,54057.35,0
2026-03-13 11:15:00+05:30,54053.1,54074.55,54014.05,54056.85,0
2026-03-13 11:20:00+05:30,54054.35,54091.4,54034.05,54056.35,0
2026-03-13 11:25:00+05:30,54058.6,54197.7,54048.8,54197.3,0
2026-03-13 11:30:00+05:30,54197.05,54252.5,54158.35,54225.7,0
2026-03-13 11:35:00+05:30,54227.75,54256.05,54183.1,54245.55,0
2026-03-13 11:40:00+05:30,54249.3,54270.2,54205.85,54234.55,0
2026-03-13 11:45:00+05:30,54241.2,54244.6,54179.7,54219.8,0
2026-03-13 11:50:00+05:30,54213.55,54251.4,54189.1,54213.95,0
2026-03-13 11:55:00+05:30,54215.9,54217.75,54118.8,54126.4,0
2026-03-13 12:00:00+05:30,54125.6,54133.8,54049.6,54079.05,0
2026-03-13 12:05:00+05:30,54084.55,54115.7,54065.5,54092.75,0
2026-03-13 12:10:00+05:30,54098.3,54103.7,54066.75,54079.45,0
2026-03-13 12:15:00+05:30,54084.35,54090.75,54040.9,54040.9,0
2026-03-13 12:20:00+05:30,54044.45,54044.45,53899.3,53899.4,0
2026-03-13 12:25:00+05:30,53905.6,53959.6,53872.45,53935.1,0
2026-03-13 12:30:00+05:30,53938.75,53940.8,53782.45,53835.8,0
2026-03-13 12:35:00+05:30,53843.7,53869.7,53800.2,53819.2,0
2026-03-13 12:40:00+05:30,53826.25,53832.45,53765.85,53795.1,0
2026-03-13 12:45:00+05:30,53794.95,53916.5,53780.45,53914.45,0
2026-03-13 12:50:00+05:30,53914.4,53951.25,53870.6,53914.15,0
2026-03-13 12:55:00+05:30,53912.7,53995.25,53879.45,53967.8,0
2026-03-13 13:00:00+05:30,53963.95,53965.2,53901.65,53927.95,0
2026-03-13 13:05:00+05:30,53928.85,53941.85,53860.2,53871.9,0
2026-03-13 13:10:00+05:30,53874.0,53889.5,53817.2,53820.8,0
2026-03-13 13:15:00+05:30,53826.15,53865.5,53798.2,53823.5,0
2026-03-13 13:20:00+05:30,53826.4,53856.6,53733.65,53743.6,0
2026-03-13 13:25:00+05:30,53749.55,53861.0,53737.7,53849.5,0
2026-03-13 13:30:00+05:30,53851.75,53880.25,53798.55,53799.9,0
2026-03-13 13:35:00+05:30,53803.0,53806.3,53718.7,53732.45,0
2026-03-13 13:40:00+05:30,53735.1,53778.1,53685.2,53766.95,0
2026-03-13 13:45:00+05:30,53771.1,53788.15,53746.15,53775.95,0
2026-03-13 13:50:00+05:30,53775.0,53789.7,53686.7,53737.7,0
2026-03-13 13:55:00+05:30,53742.75,53759.45,53675.7,53695.4,0
2026-03-13 14:00:00+05:30,53698.75,53782.45,53691.0,53742.15,0
2026-03-13 14:05:00+05:30,53745.6,53858.45,53740.6,53840.95,0
2026-03-13 14:10:00+05:30,53846.7,53915.1,53819.05,53909.6,0
2026-03-13 14:15:00+05:30,53913.85,53935.95,53848.4,53935.85,0
2026-03-13 14:20:00+05:30,53940.55,54008.95,53924.7,53960.95,0
2026-03-13 14:25:00+05:30,53961.25,54002.35,53929.85,53946.7,0
2026-03-13 14:30:00+05:30,53943.6,54107.0,53943.6,54056.9,0
2026-03-13 14:35:00+05:30,54057.5,54070.25,53958.0,53960.35,0
2026-03-13 14:40:00+05:30,53955.1,54011.4,53953.2,54002.75,0
2026-03-13 14:45:00+05:30,54002.55,54011.65,53888.35,53919.35,0
2026-03-13 14:50:00+05:30,53919.25,53975.5,53874.45,53880.35,0
2026-03-13 14:55:00+05:30,53885.45,53890.25,53793.3,53859.15,0
2026-03-13 15:00:00+05:30,53867.7,53904.3,53769.4,53772.35,0
2026-03-13 15:05:00+05:30,53772.35,53786.35,53732.05,53745.05,0
2026-03-13 15:10:00+05:30,53745.05,53799.35,53730.45,53781.3,0
2026-03-13 15:15:00+05:30,53781.3,53788.15,53744.6,53769.55,0
2026-03-13 15:20:00+05:30,53769.55,53769.55,53684.05,53697.3,0
2026-03-13 15:25:00+05:30,53697.3,53770.9,53694.85,53770.9,0
2026-03-16 09:15:00+05:30,53721.5,53947.3,53630.6,53810.4,0
2026-03-16 09:20:00+05:30,53815.0,53852.45,53731.65,53753.2,0
2026-03-16 09:25:00+05:30,53752.75,53822.2,53677.3,53794.15,0
2026-03-16 09:30:00+05:30,53801.25,54053.7,53801.25,54038.5,0
2026-03-16 09:35:00+05:30,54042.45,54129.1,54010.7,54044.55,0
2026-03-16 09:40:00+05:30,54042.35,54170.5,54034.45,54048.35,0
2026-03-16 09:45:00+05:30,54051.25,54135.85,54037.5,54057.95,0
2026-03-16 09:50:00+05:30,54059.25,54104.4,53998.8,54003.1,0
2026-03-16 09:55:00+05:30,54000.55,54026.8,53875.9,53879.15,0
2026-03-16 10:00:00+05:30,53880.85,53960.85,53867.45,53956.55,0
2026-03-16 10:05:00+05:30,53955.7,54011.05,53896.35,53900.1,0
2026-03-16 10:10:00+05:30,53901.6,53917.7,53800.9,53829.55,0
2026-03-16 10:15:00+05:30,53824.55,53827.05,53724.75,53731.8,0
2026-03-16 10:20:00+05:30,53730.55,53731.2,53602.6,53607.35,0
2026-03-16 10:25:00+05:30,53609.9,53620.0,53489.55,53495.55,0
2026-03-16 10:30:00+05:30,53497.0,53630.6,53492.6,53570.85,0
2026-03-16 10:35:00+05:30,53572.7,53635.55,53554.95,53590.3,0
2026-03-16 10:40:00+05:30,53588.65,53603.8,53514.75,53525.5,0
2026-03-16 10:45:00+05:30,53524.3,53567.45,53438.95,53449.3,0
2026-03-16 10:50:00+05:30,53445.6,53459.0,53309.9,53323.25,0
2026-03-16 10:55:00+05:30,53325.25,53425.15,53258.15,53421.65,0
2026-03-16 11:00:00+05:30,53424.35,53474.1,53367.4,53459.35,0
2026-03-16 11:05:00+05:30,53458.85,53572.45,53426.05,53563.15,0
2026-03-16 11:10:00+05:30,53568.6,53618.5,53520.4,53593.55,0
2026-03-16 11:15:00+05:30,53595.0,53859.8,53583.6,53853.85,0
2026-03-16 11:20:00+05:30,53854.6,53897.2,53788.5,53841.8,0
2026-03-16 11:25:00+05:30,53830.45,53842.3,53764.8,53802.75,0
2026-03-16 11:30:00+05:30,53804.95,53923.65,53783.55,53887.8,0
2026-03-16 11:35:00+05:30,53889.2,53913.35,53771.4,53789.05,0
2026-03-16 11:40:00+05:30,53785.65,53835.0,53742.5,53748.9,0
2026-03-16 11:45:00+05:30,53748.9,53785.55,53730.85,53756.7,0
2026-03-16 11:50:00+05:30,53756.75,53778.05,53696.9,53729.45,0
2026-03-16 11:55:00+05:30,53728.25,53769.2,53687.95,53718.95,0
2026-03-16 12:00:00+05:30,53721.7,53813.9,53710.85,53710.85,0
2026-03-16 12:05:00+05:30,53713.05,53738.1,53680.2,53685.5,0
2026-03-16 12:10:00+05:30,53685.2,53750.35,53651.75,53692.3,0
2026-03-16 12:15:00+05:30,53693.0,53707.55,53661.75,53705.2,0
2026-03-16 12:20:00+05:30,53705.65,53743.8,53672.65,53742.55,0
2026-03-16 12:25:00+05:30,53740.8,53778.9,53708.65,53745.45,0
2026-03-16 12:30:00+05:30,53744.55,53746.55,53634.5,53649.1,0
2026-03-16 12:35:00+05:30,53648.4,53691.65,53569.65,53680.55,0
2026-03-16 12:40:00+05:30,53682.75,53715.8,53660.0,53695.5,0
2026-03-16 12:45:00+05:30,53694.05,53694.05,53542.1,53553.3,0
2026-03-16 12:50:00+05:30,53553.6,53634.05,53530.95,53618.75,0
2026-03-16 12:55:00+05:30,53618.25,53625.95,53578.2,53610.15,0
2026-03-16 13:00:00+05:30,53612.0,53715.7,53596.8,53596.8,0
2026-03-16 13:05:00+05:30,53597.1,53629.15,53518.55,53591.4,0
2026-03-16 13:10:00+05:30,53589.25,53649.5,53565.25,53579.6,0
2026-03-16 13:15:00+05:30,53578.1,53647.9,53578.1,53637.3,0
2026-03-16 13:20:00+05:30,53636.65,53723.35,53621.4,53668.8,0
2026-03-16 13:25:00+05:30,53671.25,53712.65,53633.1,53638.85,0
2026-03-16 13:30:00+05:30,53638.9,53684.0,53594.3,53622.1,0
2026-03-16 13:35:00+05:30,53620.7,53661.8,53611.7,53660.5,0
2026-03-16 13:40:00+05:30,53657.5,53705.2,53607.4,53609.9,0
2026-03-16 13:45:00+05:30,53608.75,53625.7,53568.5,53598.1,0
2026-03-16 13:50:00+05:30,53599.55,53683.85,53563.3,53639.0,0
2026-03-16 13:55:00+05:30,53627.3,53665.7,53615.95,53653.0,0
2026-03-16 14:00:00+05:30,53652.05,53665.5,53620.05,53635.3,0
2026-03-16 14:05:00+05:30,53634.8,53663.85,53601.55,53650.25,0
2026-03-16 14:10:00+05:30,53645.75,53783.25,53645.15,53716.35,0
2026-03-16 14:15:00+05:30,53714.9,53921.35,53670.0,53914.45,0
2026-03-16 14:20:00+05:30,53913.6,54183.65,53909.65,54153.6,0
2026-03-16 14:25:00+05:30,54157.15,54243.45,54064.05,54193.9,0
2026-03-16 14:30:00+05:30,54194.85,54295.0,54149.8,54262.55,0
2026-03-16 14:35:00+05:30,54263.15,54433.2,54240.4,54407.2,0
2026-03-16 14:40:00+05:30,54413.25,54483.85,54335.85,54416.65,0
2026-03-16 14:45:00+05:30,54426.0,54551.1,54377.0,54527.85,0
2026-03-16 14:50:00+05:30,54536.05,54664.15,54472.4,54541.65,0
2026-03-16 14:55:00+05:30,54542.95,54566.15,54464.1,54493.1,0
2026-03-16 15:00:00+05:30,54488.9,54505.45,54330.3,54335.05,0
2026-03-16 15:05:00+05:30,54335.05,54527.1,54333.3,54514.65,0
2026-03-16 15:10:00+05:30,54514.65,54605.25,54457.55,54492.55,0
2026-03-16 15:15:00+05:30,54492.55,54496.1,54334.15,54349.65,0
2026-03-16 15:20:00+05:30,54349.65,54365.9,54245.35,54252.5,0
2026-03-16 15:25:00+05:30,54252.5,54314.85,54228.85,54287.75,0
2026-03-17 09:15:00+05:30,54649.1,54651.0,54233.55,54316.05,0
2026-03-17 09:20:00+05:30,54299.45,54341.65,54194.05,54194.05,0
2026-03-17 09:25:00+05:30,54199.45,54227.65,54119.05,54176.95,0
2026-03-17 09:30:00+05:30,54180.45,54235.65,54113.15,54201.2,0
2026-03-17 09:35:00+05:30,54210.6,54332.35,54199.85,54322.1,0
2026-03-17 09:40:00+05:30,54323.95,54366.4,54242.25,54314.0,0
2026-03-17 09:45:00+05:30,54315.85,54405.1,54249.4,54405.1,0
2026-03-17 09:50:00+05:30,54403.0,54403.4,54311.45,54364.65,0
2026-03-17 09:55:00+05:30,54363.35,54399.2,54313.5,54398.05,0
2026-03-17 10:00:00+05:30,54395.75,54488.35,54395.75,54439.95,0
2026-03-17 10:05:00+05:30,54438.6,54510.5,54406.95,54446.7,0
2026-03-17 10:10:00+05:30,54444.9,54499.5,54423.5,54482.2,0
2026-03-17 10:15:00+05:30,54483.45,54559.75,54483.45,54555.3,0
2026-03-17 10:20:00+05:30,54554.75,54695.4,54517.55,54643.65,0
2026-03-17 10:25:00+05:30,54641.2,54647.0,54453.45,54453.45,0
2026-03-17 10:30:00+05:30,54456.45,54456.45,54338.35,54338.35,0
2026-03-17 10:35:00+05:30,54330.0,54417.85,54292.6,54414.85,0
2026-03-17 10:40:00+05:30,54414.3,54415.65,54339.4,54391.8,0
2026-03-17 10:45:00+05:30,54394.3,54523.85,54373.9,54521.55,0
2026-03-17 10:50:00+05:30,54522.45,54555.7,54497.2,54516.9,0
2026-03-17 10:55:00+05:30,54516.45,54574.55,54495.9,54534.3,0
2026-03-17 11:00:00+05:30,54533.9,54556.15,54484.1,54499.15,0
2026-03-17 11:05:00+05:30,54496.9,54518.55,54409.3,54425.55,0
2026-03-17 11:10:00+05:30,54427.8,54469.1,54365.25,54368.8,0
2026-03-17 11:15:00+05:30,54369.7,54398.9,54307.8,54322.75,0
2026-03-17 11:20:00+05:30,54323.4,54351.9,54247.8,54257.8,0
2026-03-17 11:25:00+05:30,54257.05,54267.65,54185.65,54225.1,0
2026-03-17 11:30:00+05:30,54227.45,54275.05,54204.15,54209.85,0
2026-03-17 11:35:00+05:30,54210.55,54313.95,54182.8,54270.95,0
2026-03-17 11:40:00+05:30,54270.1,54322.9,54259.4,54294.5,0
2026-03-17 11:45:00+05:30,54294.5,54348.65,54268.65,54284.3,0
2026-03-17 11:50:00+05:30,54282.25,54375.1,54277.35,54315.25,0
2026-03-17 11:55:00+05:30,54314.55,54338.95,54241.9,54330.8,0
2026-03-17 12:00:00+05:30,54331.55,54356.5,54293.85,54329.0,0
2026-03-17 12:05:00+05:30,54324.1,54384.5,54318.45,54375.35,0
2026-03-17 12:10:00+05:30,54373.75,54419.9,54357.15,54392.55,0
2026-03-17 12:15:00+05:30,54393.8,54410.75,54281.8,54286.65,0
2026-03-17 12:20:00+05:30,54283.85,54350.15,54279.05,54283.65,0
2026-03-17 12:25:00+05:30,54279.95,54326.55,54270.85,54323.75,0
2026-03-17 12:30:00+05:30,54325.75,54340.35,54260.65,54334.75,0
2026-03-17 12:35:00+05:30,54335.95,54392.7,54331.1,54366.45,0
2026-03-17 12:40:00+05:30,54359.45,54443.2,54317.3,54438.55,0
2026-03-17 12:45:00+05:30,54434.65,54495.55,54416.45,54493.1,0
2026-03-17 12:50:00+05:30,54494.15,54506.9,54430.75,54443.7,0
2026-03-17 12:55:00+05:30,54444.55,54492.7,54423.8,54468.5,0
2026-03-17 13:00:00+05:30,54471.8,54556.1,54466.9,54512.45,0
2026-03-17 13:05:00+05:30,54515.65,54564.45,54434.4,54561.7,0
2026-03-17 13:10:00+05:30,54561.7,54594.65,54551.65,54592.6,0
2026-03-17 13:15:00+05:30,54596.75,54665.95,54596.75,54642.15,0
2026-03-17 13:20:00+05:30,54642.95,54655.1,54591.85,54596.45,0
2026-03-17 13:25:00+05:30,54599.3,54602.7,54550.0,54583.35,0
2026-03-17 13:30:00+05:30,54579.3,54711.95,54579.3,54630.1,0
2026-03-17 13:35:00+05:30,54630.3,54644.1,54532.85,54546.05,0
2026-03-17 13:40:00+05:30,54544.95,54593.9,54518.75,54575.25,0
2026-03-17 13:45:00+05:30,54574.9,54652.25,54574.9,54651.85,0
2026-03-17 13:50:00+05:30,54651.2,54686.1,54616.4,54619.6,0
2026-03-17 13:55:00+05:30,54618.4,54636.85,54569.55,54609.1,0
2026-03-17 14:00:00+05:30,54609.85,54721.9,54603.0,54692.15,0
2026-03-17 14:05:00+05:30,54695.6,54722.45,54626.0,54703.9,0
2026-03-17 14:10:00+05:30,54711.05,54799.95,54705.7,54779.05,0
2026-03-17 14:15:00+05:30,54780.0,54790.25,54622.5,54659.7,0
2026-03-17 14:20:00+05:30,54663.15,54697.55,54580.35,54608.4,0
2026-03-17 14:25:00+05:30,54613.55,54664.4,54568.4,54653.15,0
2026-03-17 14:30:00+05:30,54654.3,54721.5,54654.3,54715.3,0
2026-03-17 14:35:00+05:30,54715.8,54765.65,54694.05,54744.1,0
2026-03-17 14:40:00+05:30,54745.35,54810.25,54724.9,54733.0,0
2026-03-17 14:45:00+05:30,54735.85,54789.5,54692.7,54789.5,0
2026-03-17 14:50:00+05:30,54791.35,54841.55,54766.25,54838.15,0
2026-03-17 14:55:00+05:30,54839.25,54995.7,54839.15,54994.55,0
2026-03-17 15:00:00+05:30,54990.5,54996.0,54784.4,54841.7,0
2026-03-17 15:05:00+05:30,54841.7,54937.1,54825.4,54885.15,0
2026-03-17 15:10:00+05:30,54885.15,54965.7,54815.5,54961.65,0
2026-03-17 15:15:00+05:30,54961.65,54961.65,54816.0,54858.85,0
2026-03-17 15:20:00+05:30,54858.85,54906.95,54848.45,54855.35,0
2026-03-17 15:25:00+05:30,54855.35,54860.1,54820.15,54838.75,0
2026-03-18 09:15:00+05:30,54927.05,55109.3,54812.8,55080.4,0
2026-03-18 09:20:00+05:30,55076.35,55101.2,54896.5,54904.1,0
2026-03-18 09:25:00+05:30,54902.1,54988.7,54862.9,54974.65,0
2026-03-18 09:30:00+05:30,54970.3,55046.95,54970.3,55036.3,0
2026-03-18 09:35:00+05:30,55037.15,55044.5,54966.3,54988.8,0
2026-03-18 09:40:00+05:30,54990.0,55012.4,54961.95,54972.85,0
2026-03-18 09:45:00+05:30,54969.1,54986.5,54907.7,54982.5,0
2026-03-18 09:50:00+05:30,54984.25,55045.55,54929.0,54938.45,0
2026-03-18 09:55:00+05:30,54934.75,54939.85,54804.4,54879.35,0
2026-03-18 10:00:00+05:30,54879.4,54886.85,54780.1,54792.45,0
2026-03-18 10:05:00+05:30,54791.75,54803.6,54733.75,54743.05,0
2026-03-18 10:10:00+05:30,54744.3,54792.8,54689.1,54787.25,0
2026-03-18 10:15:00+05:30,54790.5,54893.55,54769.45,54890.35,0
2026-03-18 10:20:00+05:30,54895.1,54975.55,54876.8,54972.5,0
2026-03-18 10:25:00+05:30,54973.1,54985.1,54900.55,54946.0,0
2026-03-18 10:30:00+05:30,54945.85,54987.85,54919.35,54966.0,0
2026-03-18 10:35:00+05:30,54967.75,55005.6,54945.75,54958.7,0
2026-03-18 10:40:00+05:30,54962.6,54987.95,54904.85,54919.1,0
2026-03-18 10:45:00+05:30,54925.15,54959.75,54904.05,54943.7,0
2026-03-18 10:50:00+05:30,54949.45,55011.7,54923.2,55004.85,0
2026-03-18 10:55:00+05:30,55010.15,55044.7,54996.65,55011.9,0
2026-03-18 11:00:00+05:30,55016.5,55029.75,54989.8,55015.8,0
2026-03-18 11:05:00+05:30,55020.8,55020.8,54965.0,55001.2,0
2026-03-18 11:10:00+05:30,55007.5,55062.0,54985.65,55040.1,0
2026-03-18 11:15:00+05:30,55041.0,55041.6,54985.75,55010.0,0
2026-03-18 11:20:00+05:30,55011.3,55096.85,55004.7,55093.35,0
2026-03-18 11:25:00+05:30,55092.4,55173.5,55053.2,55161.35,0
2026-03-18 11:30:00+05:30,55158.75,55218.8,55132.35,55205.65,0
2026-03-18 11:35:00+05:30,55204.45,55264.25,55161.95,55252.75,0
2026-03-18 11:40:00+05:30,55253.3,55332.55,55250.5,55286.55,0
2026-03-18 11:45:00+05:30,55287.55,55299.3,55242.6,55242.75,0
2026-03-18 11:50:00+05:30,55242.45,55303.3,55240.15,55297.45,0
2026-03-18 11:55:00+05:30,55299.7,55308.9,55274.45,55285.45,0
2026-03-18 12:00:00+05:30,55290.85,55298.1,55244.65,55253.4,0
2026-03-18 12:05:00+05:30,55256.4,55269.2,55195.25,55201.7,0
2026-03-18 12:10:00+05:30,55207.35,55247.1,55196.4,55226.1,0
2026-03-18 12:15:00+05:30,55226.7,55287.4,55215.55,55283.35,0
2026-03-18 12:20:00+05:30,55283.1,55293.6,55237.7,55256.55,0
2026-03-18 12:25:00+05:30,55260.45,55264.2,55153.5,55176.05,0
2026-03-18 12:30:00+05:30,55174.5,55244.15,55172.1,55222.0,0
2026-03-18 12:35:00+05:30,55221.85,55225.75,55145.45,55182.45,0
2026-03-18 12:40:00+05:30,55185.65,55189.35,55157.7,55170.95,0
2026-03-18 12:45:00+05:30,55171.1,55173.7,55123.15,55169.8,0
2026-03-18 12:50:00+05:30,55163.1,55191.5,55143.3,55152.5,0
2026-03-18 12:55:00+05:30,55152.65,55173.6,55145.75,55155.65,0
2026-03-18 13:00:00+05:30,55152.05,55214.55,55152.05,55210.7,0
2026-03-18 13:05:00+05:30,55211.15,55213.85,55141.0,55163.4,0
2026-03-18 13:10:00+05:30,55159.75,55234.65,55155.25,55233.95,0
2026-03-18 13:15:00+05:30,55232.4,55290.4,55219.95,55226.25,0
2026-03-18 13:20:00+05:30,55227.95,55323.45,55227.95,55313.65,0
2026-03-18 13:25:00+05:30,55310.15,55339.7,55290.55,55328.9,0
2026-03-18 13:30:00+05:30,55326.8,55396.15,55312.2,55393.5,0
2026-03-18 13:35:00+05:30,55402.45,55405.55,55345.1,55394.5,0
2026-03-18 13:40:00+05:30,55390.9,55427.5,55370.45,55427.5,0
2026-03-18 13:45:00+05:30,55427.6,55428.15,55346.6,55362.85,0
2026-03-18 13:50:00+05:30,55361.2,55423.15,55342.45,55410.6,0
2026-03-18 13:55:00+05:30,55408.05,55456.7,55408.05,55432.6,0
2026-03-18 14:00:00+05:30,55429.85,55467.15,55385.4,55401.45,0
2026-03-18 14:05:00+05:30,55397.9,55404.3,55343.35,55398.45,0
2026-03-18 14:10:00+05:30,55395.55,55417.85,55364.05,55377.15,0
2026-03-18 14:15:00+05:30,55375.7,55451.75,55346.85,55435.4,0
2026-03-18 14:20:00+05:30,55438.35,55525.7,55420.25,55515.45,0
2026-03-18 14:25:00+05:30,55513.75,55554.15,55470.85,55470.85,0
2026-03-18 14:30:00+05:30,55475.5,55492.05,55382.85,55385.35,0
2026-03-18 14:35:00+05:30,55383.8,55406.3,55345.15,55383.95,0
2026-03-18 14:40:00+05:30,55384.05,55419.0,55337.45,55338.75,0
2026-03-18 14:45:00+05:30,55340.05,55405.9,55321.5,55383.2,0
2026-03-18 14:50:00+05:30,55379.9,55401.55,55312.4,55328.45,0
2026-03-18 14:55:00+05:30,55331.6,55375.95,55321.95,55370.45,0
2026-03-18 15:00:00+05:30,55371.95,55397.3,55298.6,55351.95,0
2026-03-18 15:05:00+05:30,55351.95,55379.35,55333.85,55352.2,0
2026-03-18 15:10:00+05:30,55352.2,55364.45,55336.25,55342.8,0
2026-03-18 15:15:00+05:30,55342.8,55348.05,55295.85,55302.15,0
2026-03-18 15:20:00+05:30,55302.15,55304.05,55229.75,55287.9,0
2026-03-18 15:25:00+05:30,55287.9,55348.05,55287.3,55324.5,0
2026-03-19 09:15:00+05:30,53474.55,54067.65,53437.25,53746.1,0
2026-03-19 09:20:00+05:30,53745.05,54001.3,53692.85,54001.3,0
2026-03-19 09:25:00+05:30,54000.6,54110.55,53980.65,53996.9,0
2026-03-19 09:30:00+05:30,53992.85,53992.85,53866.9,53884.7,0
2026-03-19 09:35:00+05:30,53884.85,53912.05,53788.5,53795.15,0
2026-03-19 09:40:00+05:30,53803.8,53843.85,53796.0,53813.5,0
2026-03-19 09:45:00+05:30,53811.4,53815.65,53639.15,53640.95,0
2026-03-19 09:50:00+05:30,53635.35,53722.8,53562.95,53626.1,0
2026-03-19 09:55:00+05:30,53627.25,53674.35,53616.05,53645.4,0
2026-03-19 10:00:00+05:30,53646.15,53710.95,53600.1,53685.6,0
2026-03-19 10:05:00+05:30,53692.7,53713.8,53667.85,53684.45,0
2026-03-19 10:10:00+05:30,53682.1,53688.9,53635.05,53639.9,0
2026-03-19 10:15:00+05:30,53635.25,53635.25,53551.85,53576.1,0
2026-03-19 10:20:00+05:30,53576.4,53682.65,53570.1,53682.65,0
2026-03-19 10:25:00+05:30,53683.1,53791.9,53677.95,53741.95,0
2026-03-19 10:30:00+05:30,53742.9,53798.95,53742.9,53762.6,0
2026-03-19 10:35:00+05:30,53760.2,53900.15,53748.1,53895.45,0
2026-03-19 10:40:00+05:30,53890.55,53905.45,53829.55,53902.8,0
2026-03-19 10:45:00+05:30,53901.1,53902.7,53827.7,53840.3,0
2026-03-19 10:50:00+05:30,53841.05,53918.8,53839.9,53912.1,0
2026-03-19 10:55:00+05:30,53912.6,53959.15,53859.05,53864.0,0
2026-03-19 11:00:00+05:30,53858.1,53872.05,53810.6,53829.1,0
2026-03-19 11:05:00+05:30,53831.75,53862.15,53812.6,53817.85,0
2026-03-19 11:10:00+05:30,53821.0,53864.85,53739.45,53760.6,0
2026-03-19 11:15:00+05:30,53761.5,53761.5,53675.85,53720.3,0
2026-03-19 11:20:00+05:30,53723.05,53810.45,53707.9,53798.75,0
2026-03-19 11:25:00+05:30,53795.85,53811.8,53754.45,53772.95,0
2026-03-19 11:30:00+05:30,53771.1,53835.25,53757.9,53818.8,0
2026-03-19 11:35:00+05:30,53814.25,53854.0,53810.75,53847.55,0
2026-03-19 11:40:00+05:30,53847.75,53866.25,53817.65,53851.55,0
2026-03-19 11:45:00+05:30,53851.35,53919.05,53832.85,53897.8,0
2026-03-19 11:50:00+05:30,53894.7,53953.55,53890.9,53915.9,0
2026-03-19 11:55:00+05:30,53916.7,53928.8,53884.4,53886.75,0
2026-03-19 12:00:00+05:30,53888.3,53913.15,53864.2,53871.8,0
2026-03-19 12:05:00+05:30,53873.7,53926.6,53868.8,53919.9,0
2026-03-19 12:10:00+05:30,53915.85,54054.7,53910.65,54040.7,0
2026-03-19 12:15:00+05:30,54042.2,54105.75,54023.9,54079.3,0
2026-03-19 12:20:00+05:30,54076.4,54079.75,53989.7,54005.55,0
2026-03-19 12:25:00+05:30,54001.5,54045.0,53984.2,54024.05,0
2026-03-19 12:30:00+05:30,54024.85,54056.5,53999.5,54045.8,0
2026-03-19 12:35:00+05:30,54047.05,54126.65,54032.65,54100.35,0
2026-03-19 12:40:00+05:30,54099.95,54101.6,54017.75,54030.9,0
2026-03-19 12:45:00+05:30,54029.95,54121.2,54017.4,54116.45,0
2026-03-19 12:50:00+05:30,54113.75,54141.85,54076.7,54141.85,0
2026-03-19 12:55:00+05:30,54143.45,54150.3,54107.45,54130.2,0
2026-03-19 13:00:00+05:30,54128.6,54135.8,54035.35,54049.9,0
2026-03-19 13:05:00+05:30,54048.9,54068.35,54030.5,54043.65,0
2026-03-19 13:10:00+05:30,54043.85,54101.2,53923.95,53933.15,0
2026-03-19 13:15:00+05:30,53932.2,53974.25,53924.1,53964.1,0
2026-03-19 13:20:00+05:30,53964.5,53985.85,53916.8,53920.05,0
2026-03-19 13:25:00+05:30,53917.85,53938.2,53850.4,53861.2,0
2026-03-19 13:30:00+05:30,53862.6,53915.0,53854.5,53863.25,0
2026-03-19 13:35:00+05:30,53867.85,53953.2,53864.4,53952.95,0
2026-03-19 13:40:00+05:30,53952.7,53977.2,53925.75,53932.45,0
2026-03-19 13:45:00+05:30,53930.55,53940.7,53890.2,53895.6,0
2026-03-19 13:50:00+05:30,53892.85,53913.7,53871.4,53907.3,0
2026-03-19 13:55:00+05:30,53905.9,53913.4,53814.3,53825.7,0
2026-03-19 14:00:00+05:30,53828.25,53852.5,53739.45,53762.5,0
2026-03-19 14:05:00+05:30,53762.45,53765.9,53688.2,53688.2,0
2026-03-19 14:10:00+05:30,53692.05,53717.3,53660.15,53700.3,0
2026-03-19 14:15:00+05:30,53701.95,53793.35,53687.35,53747.75,0
2026-03-19 14:20:00+05:30,53748.25,53762.5,53688.45,53746.35,0
2026-03-19 14:25:00+05:30,53745.25,53750.95,53680.9,53686.9,0
2026-03-19 14:30:00+05:30,53686.9,53736.35,53675.85,53713.45,0
2026-03-19 14:35:00+05:30,53712.1,53731.85,53638.8,53638.8,0
2026-03-19 14:40:00+05:30,53639.7,53709.0,53602.95,53698.9,0
2026-03-19 14:45:00+05:30,53696.85,53742.05,53608.9,53645.65,0
2026-03-19 14:50:00+05:30,53642.75,53651.7,53532.8,53551.25,0
2026-03-19 14:55:00+05:30,53550.55,53571.45,53274.65,53284.85,0
2026-03-19 15:00:00+05:30,53287.25,53492.85,53240.6,53442.2,0
2026-03-19 15:05:00+05:30,53442.2,53448.75,53291.65,53312.9,0
2026-03-19 15:10:00+05:30,53312.9,53453.0,53303.25,53382.25,0
2026-03-19 15:15:00+05:30,53382.25,53556.8,53366.2,53555.75,0
2026-03-19 15:20:00+05:30,53555.75,53662.6,53551.7,53640.45,0
2026-03-19 15:25:00+05:30,53640.35,53699.85,53613.1,53693.0,0
2026-03-20 09:15:00+05:30,53548.2,54206.95,53548.2,54195.4,0
2026-03-20 09:20:00+05:30,54198.5,54257.75,54058.85,54177.2,0
2026-03-20 09:25:00+05:30,54179.25,54223.65,54155.4,54207.35,0
2026-03-20 09:30:00+05:30,54211.85,54370.15,54205.9,54364.1,0
2026-03-20 09:35:00+05:30,54362.4,54382.45,54239.15,54261.8,0
2026-03-20 09:40:00+05:30,54264.25,54264.25,54154.3,54157.45,0
2026-03-20 09:45:00+05:30,54152.75,54216.85,54133.05,54188.75,0
2026-03-20 09:50:00+05:30,54195.1,54209.9,54098.65,54115.45,0
2026-03-20 09:55:00+05:30,54112.1,54176.05,54096.0,54143.15,0
2026-03-20 10:00:00+05:30,54142.25,54145.25,54044.2,54064.35,0
2026-03-20 10:05:00+05:30,54065.3,54119.05,54027.0,54072.35,0
2026-03-20 10:10:00+05:30,54065.65,54082.35,54015.45,54015.45,0
2026-03-20 10:15:00+05:30,54017.1,54021.15,53911.8,53969.05,0
2026-03-20 10:20:00+05:30,53971.25,54004.65,53930.95,53993.8,0
2026-03-20 10:25:00+05:30,53990.25,54047.65,53980.35,54027.9,0
2026-03-20 10:30:00+05:30,54029.0,54083.95,54024.15,54053.8,0
2026-03-20 10:35:00+05:30,54053.45,54082.95,54035.9,54061.6,0
2026-03-20 10:40:00+05:30,54059.8,54110.0,54053.0,54063.1,0
2026-03-20 10:45:00+05:30,54060.85,54154.2,54031.4,54098.8,0
2026-03-20 10:50:00+05:30,54098.1,54148.45,54087.55,54143.0,0
2026-03-20 10:55:00+05:30,54142.55,54143.45,54036.95,54096.9,0
2026-03-20 11:00:00+05:30,54094.1,54116.25,54036.65,54047.8,0
2026-03-20 11:05:00+05:30,54047.8,54100.15,54032.75,54079.8,0
2026-03-20 11:10:00+05:30,54080.15,54100.9,54036.6,54092.4,0
2026-03-20 11:15:00+05:30,54092.3,54157.85,54076.9,54153.25,0
2026-03-20 11:20:00+05:30,54151.75,54249.3,54144.65,54184.35,0
2026-03-20 11:25:00+05:30,54187.45,54191.6,54099.7,54121.65,0
2026-03-20 11:30:00+05:30,54120.85,54156.05,54101.35,54104.7,0
2026-03-20 11:35:00+05:30,54101.5,54118.4,54074.15,54075.0,0
2026-03-20 11:40:00+05:30,54078.6,54087.2,54010.65,54015.7,0
2026-03-20 11:45:00+05:30,54015.55,54032.45,53988.85,54012.1,0
2026-03-20 11:50:00+05:30,54014.6,54014.6,53937.1,53948.25,0
2026-03-20 11:55:00+05:30,53946.65,53946.65,53887.35,53939.6,0
2026-03-20 12:00:00+05:30,53939.2,53961.35,53849.15,53855.65,0
2026-03-20 12:05:00+05:30,53855.0,53895.85,53782.6,53782.6,0
2026-03-20 12:10:00+05:30,53782.6,53840.55,53770.5,53833.85,0
2026-03-20 12:15:00+05:30,53834.3,53834.3,53709.0,53715.0,0
2026-03-20 12:20:00+05:30,53720.0,53740.75,53644.9,53649.65,0
2026-03-20 12:25:00+05:30,53646.15,53651.0,53575.8,53624.45,0
2026-03-20 12:30:00+05:30,53622.5,53674.15,53509.2,53672.0,0
2026-03-20 12:35:00+05:30,53670.75,53740.05,53653.15,53727.9,0
2026-03-20 12:40:00+05:30,53727.35,53821.7,53712.1,53787.05,0
2026-03-20 12:45:00+05:30,53788.15,53848.5,53774.8,53812.7,0
2026-03-20 12:50:00+05:30,53813.05,53856.6,53769.2,53828.9,0
2026-03-20 12:55:00+05:30,53822.65,53910.8,53790.95,53797.05,0
2026-03-20 13:00:00+05:30,53795.85,53858.4,53759.05,53851.6,0
2026-03-20 13:05:00+05:30,53851.5,53929.8,53844.2,53891.45,0
2026-03-20 13:10:00+05:30,53889.35,53889.35,53830.5,53850.15,0
2026-03-20 13:15:00+05:30,53847.05,53936.3,53847.05,53874.45,0
2026-03-20 13:20:00+05:30,53874.8,53905.65,53821.7,53885.7,0
2026-03-20 13:25:00+05:30,53886.9,53966.15,53878.1,53907.1,0
2026-03-20 13:30:00+05:30,53908.8,53925.85,53830.8,53835.3,0
2026-03-20 13:35:00+05:30,53837.05,53897.05,53820.95,53873.45,0
2026-03-20 13:40:00+05:30,53878.25,53878.95,53768.4,53776.6,0
2026-03-20 13:45:00+05:30,53781.5,53785.75,53707.05,53714.15,0
2026-03-20 13:50:00+05:30,53713.35,53749.8,53693.55,53745.1,0
2026-03-20 13:55:00+05:30,53744.85,53779.3,53668.6,53682.55,0
2026-03-20 14:00:00+05:30,53688.0,53792.5,53647.6,53791.35,0
2026-03-20 14:05:00+05:30,53794.8,53820.25,53713.7,53750.5,0
2026-03-20 14:10:00+05:30,53753.85,53782.25,53700.95,53715.45,0
2026-03-20 14:15:00+05:30,53711.8,53717.0,53671.3,53713.1,0
2026-03-20 14:20:00+05:30,53713.7,53726.75,53591.85,53617.4,0
2026-03-20 14:25:00+05:30,53624.45,53624.45,53547.1,53549.0,0
2026-03-20 14:30:00+05:30,53547.25,53619.15,53529.05,53603.75,0
2026-03-20 14:35:00+05:30,53606.05,53610.5,53490.0,53549.6,0
2026-03-20 14:40:00+05:30,53550.85,53566.25,53419.15,53421.8,0
2026-03-20 14:45:00+05:30,53423.85,53473.0,53386.3,53456.1,0
2026-03-20 14:50:00+05:30,53456.95,53470.5,53364.95,53408.8,0
2026-03-20 14:55:00+05:30,53408.15,53432.4,53367.4,53419.7,0
2026-03-20 15:00:00+05:30,53423.1,53621.85,53410.3,53527.4,0
2026-03-20 15:05:00+05:30,53527.4,53558.05,53453.85,53470.85,0
2026-03-20 15:10:00+05:30,53470.85,53495.3,53356.4,53383.85,0
2026-03-20 15:15:00+05:30,53383.85,53388.25,53297.55,53353.05,0
2026-03-20 15:20:00+05:30,53353.05,53447.25,53340.35,53385.3,0
2026-03-20 15:25:00+05:30,53385.3,53457.65,53369.75,53453.85,0
2026-03-23 09:15:00+05:30,52576.1,52665.3,52068.8,52153.6,0
2026-03-23 09:20:00+05:30,52155.45,52263.55,52119.3,52189.75,0
2026-03-23 09:25:00+05:30,52188.7,52250.9,52152.2,52190.2,0
2026-03-23 09:30:00+05:30,52186.75,52210.95,52141.55,52164.35,0
2026-03-23 09:35:00+05:30,52164.85,52266.95,52154.95,52180.25,0
2026-03-23 09:40:00+05:30,52177.0,52193.55,52147.7,52186.75,0
2026-03-23 09:45:00+05:30,52188.95,52192.45,52033.05,52061.75,0
2026-03-23 09:50:00+05:30,52065.05,52067.9,51944.2,51956.35,0
2026-03-23 09:55:00+05:30,51957.3,51970.25,51838.4,51846.0,0
2026-03-23 10:00:00+05:30,51845.8,51895.0,51796.3,51883.7,0
2026-03-23 10:05:00+05:30,51883.15,51963.15,51883.15,51898.05,0
2026-03-23 10:10:00+05:30,51896.45,51906.85,51820.45,51826.6,0
2026-03-23 10:15:00+05:30,51825.15,51896.05,51804.4,51810.85,0
2026-03-23 10:20:00+05:30,51810.35,51810.35,51739.6,51744.45,0
2026-03-23 10:25:00+05:30,51740.75,51787.55,51712.65,51712.65,0
2026-03-23 10:30:00+05:30,51717.65,51788.1,51712.2,51733.65,0
2026-03-23 10:35:00+05:30,51736.55,51842.3,51730.85,51786.0,0
2026-03-23 10:40:00+05:30,51785.3,51828.5,51757.85,51770.7,0
2026-03-23 10:45:00+05:30,51772.85,51789.05,51730.15,51756.4,0
2026-03-23 10:50:00+05:30,51756.85,51758.6,51636.4,51663.8,0
2026-03-23 10:55:00+05:30,51659.4,51689.65,51617.45,51654.85,0
2026-03-23 11:00:00+05:30,51658.35,51660.7,51568.4,51633.85,0
2026-03-23 11:05:00+05:30,51631.7,51783.3,51611.65,51720.4,0
2026-03-23 11:10:00+05:30,51717.15,51760.85,51709.5,51746.5,0
2026-03-23 11:15:00+05:30,51748.75,51751.8,51697.9,51736.9,0
2026-03-23 11:20:00+05:30,51734.0,51792.75,51714.15,51758.45,0
2026-03-23 11:25:00+05:30,51757.5,51797.3,51741.6,51786.85,0
2026-03-23 11:30:00+05:30,51784.0,51817.8,51660.15,51687.1,0
2026-03-23 11:35:00+05:30,51686.75,51696.2,51642.45,51692.4,0
2026-03-23 11:40:00+05:30,51694.1,51760.3,51632.05,51665.15,0
2026-03-23 11:45:00+05:30,51662.35,51700.3,51651.0,51700.15,0
2026-03-23 11:50:00+05:30,51698.55,51790.75,51682.25,51746.45,0
2026-03-23 11:55:00+05:30,51747.15,51773.15,51711.15,51736.35,0
2026-03-23 12:00:00+05:30,51743.05,51780.9,51712.4,51717.8,0
2026-03-23 12:05:00+05:30,51716.3,51743.1,51673.15,51743.1,0
2026-03-23 12:10:00+05:30,51740.9,51767.95,51703.25,51708.0,0
2026-03-23 12:15:00+05:30,51706.65,51715.05,51659.1,51701.3,0
2026-03-23 12:20:00+05:30,51698.4,51715.3,51606.8,51609.9,0
2026-03-23 12:25:00+05:30,51616.1,51725.0,51602.5,51717.25,0
2026-03-23 12:30:00+05:30,51714.6,51730.7,51667.8,51704.75,0
2026-03-23 12:35:00+05:30,51703.9,51806.8,51703.9,51741.95,0
2026-03-23 12:40:00+05:30,51736.65,51779.1,51672.7,51729.9,0
2026-03-23 12:45:00+05:30,51730.55,51789.45,51699.6,51756.2,0
2026-03-23 12:50:00+05:30,51754.65,51757.15,51633.05,51635.3,0
2026-03-23 12:55:00+05:30,51635.7,51652.5,51593.9,51648.9,0
2026-03-23 13:00:00+05:30,51647.45,51653.5,51599.6,51615.45,0
2026-03-23 13:05:00+05:30,51611.45,51684.95,51598.1,51635.65,0
2026-03-23 13:10:00+05:30,51634.25,51644.7,51556.45,51607.4,0
2026-03-23 13:15:00+05:30,51608.0,51672.35,51607.5,51612.85,0
2026-03-23 13:20:00+05:30,51612.7,51679.9,51597.35,51653.05,0
2026-03-23 13:25:00+05:30,51652.7,51702.5,51618.9,51664.8,0
2026-03-23 13:30:00+05:30,51664.2,51749.85,51658.95,51740.25,0
2026-03-23 13:35:00+05:30,51741.65,51779.6,51730.75,51742.7,0
2026-03-23 13:40:00+05:30,51740.45,51854.7,51729.1,51847.85,0
2026-03-23 13:45:00+05:30,51841.65,51868.25,51806.9,51846.85,0
2026-03-23 13:50:00+05:30,51851.7,51917.45,51811.85,51842.75,0
2026-03-23 13:55:00+05:30,51847.7,51916.15,51837.8,51849.0,0
2026-03-23 14:00:00+05:30,51848.4,52016.8,51816.25,51986.25,0
2026-03-23 14:05:00+05:30,51992.25,52041.35,51918.75,51965.85,0
2026-03-23 14:10:00+05:30,51968.65,51987.45,51914.7,51942.1,0
2026-03-23 14:15:00+05:30,51941.75,51992.25,51914.8,51976.35,0
2026-03-23 14:20:00+05:30,51975.6,51988.6,51909.65,51910.75,0
2026-03-23 14:25:00+05:30,51908.95,51943.85,51832.7,51836.1,0
2026-03-23 14:30:00+05:30,51837.25,51839.25,51566.85,51589.0,0
2026-03-23 14:35:00+05:30,51584.25,51783.45,51578.5,51679.35,0
2026-03-23 14:40:00+05:30,51670.7,51803.7,51632.65,51789.6,0
2026-03-23 14:45:00+05:30,51783.4,51793.4,51701.85,51751.9,0
2026-03-23 14:50:00+05:30,51751.9,51868.1,51745.8,51754.25,0
2026-03-23 14:55:00+05:30,51749.2,51757.0,51655.7,51694.4,0
2026-03-23 15:00:00+05:30,51696.6,51696.6,51469.95,51475.35,0
2026-03-23 15:05:00+05:30,51471.35,51539.25,51414.8,51520.8,0
2026-03-23 15:10:00+05:30,51526.15,51555.95,51401.2,51410.75,0
2026-03-23 15:15:00+05:30,51407.05,51410.35,51339.85,51339.85,0
2026-03-23 15:20:00+05:30,51341.7,51393.9,51323.6,51389.25,0
2026-03-23 15:25:00+05:30,51391.45,51491.4,51349.5,51446.15,0
2026-03-24 09:15:00+05:30,52384.8,52491.75,52155.2,52218.2,0
2026-03-24 09:20:00+05:30,52242.5,52317.6,52211.6,52294.55,0
2026-03-24 09:25:00+05:30,52292.8,52457.7,52285.6,52425.45,0
2026-03-24 09:30:00+05:30,52425.35,52495.7,52350.3,52350.3,0
2026-03-24 09:35:00+05:30,52348.25,52403.85,52217.05,52224.5,0
2026-03-24 09:40:00+05:30,52226.0,52308.45,52155.3,52196.0,0
2026-03-24 09:45:00+05:30,52194.8,52204.5,52080.3,52127.35,0
2026-03-24 09:50:00+05:30,52123.8,52176.45,52079.15,52162.85,0
2026-03-24 09:55:00+05:30,52161.95,52291.9,52143.75,52240.0,0
2026-03-24 10:00:00+05:30,52240.4,52244.15,52098.5,52117.8,0
2026-03-24 10:05:00+05:30,52115.05,52131.3,51997.2,52008.0,0
2026-03-24 10:10:00+05:30,52009.2,52111.85,51999.05,52075.25,0
2026-03-24 10:15:00+05:30,52077.3,52192.75,52062.75,52155.65,0
2026-03-24 10:20:00+05:30,52156.45,52235.25,52101.2,52235.25,0
2026-03-24 10:25:00+05:30,52235.1,52248.0,52117.0,52129.75,0
2026-03-24 10:30:00+05:30,52132.4,52132.95,51968.9,51972.0,0
2026-03-24 10:35:00+05:30,51961.2,51978.8,51867.4,51874.25,0
2026-03-24 10:40:00+05:30,51871.45,52012.6,51864.55,51977.25,0
2026-03-24 10:45:00+05:30,51978.45,52111.1,51943.35,52035.1,0
2026-03-24 10:50:00+05:30,52034.75,52062.35,51917.65,51943.45,0
2026-03-24 10:55:00+05:30,51944.65,51953.85,51827.5,51846.75,0
2026-03-24 11:00:00+05:30,51846.6,51938.6,51846.05,51930.1,0
2026-03-24 11:05:00+05:30,51930.1,51960.05,51881.55,51945.15,0
2026-03-24 11:10:00+05:30,51946.1,52009.35,51927.35,51976.35,0
2026-03-24 11:15:00+05:30,51983.7,52067.2,51952.75,52049.85,0
2026-03-24 11:20:00+05:30,52048.4,52068.6,51942.5,51945.75,0
2026-03-24 11:25:00+05:30,51948.6,52052.9,51924.65,52014.7,0
2026-03-24 11:30:00+05:30,52016.75,52067.0,52013.45,52060.95,0
2026-03-24 11:35:00+05:30,52058.0,52104.6,52046.35,52064.65,0
2026-03-24 11:40:00+05:30,52064.15,52081.9,51992.6,52037.4,0
2026-03-24 11:45:00+05:30,52038.1,52136.6,52018.4,52040.7,0
2026-03-24 11:50:00+05:30,52041.0,52079.55,51993.25,52054.75,0
2026-03-24 11:55:00+05:30,52052.7,52185.65,52048.35,52117.25,0
2026-03-24 12:00:00+05:30,52118.55,52136.25,52070.25,52083.85,0
2026-03-24 12:05:00+05:30,52087.25,52088.1,52017.0,52040.7,0
2026-03-24 12:10:00+05:30,52040.35,52063.05,51989.3,51993.4,0
2026-03-24 12:15:00+05:30,51994.8,52018.75,51972.15,51995.55,0
2026-03-24 12:20:00+05:30,51997.55,52284.0,51988.7,52283.05,0
2026-03-24 12:25:00+05:30,52278.25,52423.6,52172.5,52221.5,0
2026-03-24 12:30:00+05:30,52219.25,52471.05,52218.4,52471.05,0
2026-03-24 12:35:00+05:30,52470.4,52601.8,52458.3,52601.8,0
2026-03-24 12:40:00+05:30,52606.7,52704.85,52576.1,52620.55,0
2026-03-24 12:45:00+05:30,52620.75,52796.45,52617.95,52776.25,0
2026-03-24 12:50:00+05:30,52773.7,52859.55,52728.4,52821.7,0
2026-03-24 12:55:00+05:30,52819.15,52821.85,52621.85,52689.25,0
2026-03-24 13:00:00+05:30,52684.6,52710.6,52565.05,52582.7,0
2026-03-24 13:05:00+05:30,52587.35,52660.7,52516.2,52631.05,0
2026-03-24 13:10:00+05:30,52631.2,52768.75,52617.8,52768.75,0
2026-03-24 13:15:00+05:30,52765.2,52773.3,52691.6,52750.9,0
2026-03-24 13:20:00+05:30,52750.7,52810.3,52694.85,52748.85,0
2026-03-24 13:25:00+05:30,52752.7,52854.3,52731.6,52851.25,0
2026-03-24 13:30:00+05:30,52847.45,52862.2,52780.05,52847.3,0
2026-03-24 13:35:00+05:30,52845.7,52927.2,52828.25,52859.2,0
2026-03-24 13:40:00+05:30,52860.25,52949.15,52838.9,52887.15,0
2026-03-24 13:45:00+05:30,52889.45,52906.6,52691.2,52691.7,0
2026-03-24 13:50:00+05:30,52692.65,52792.15,52676.3,52748.2,0
2026-03-24 13:55:00+05:30,52748.15,52799.4,52736.1,52749.95,0
2026-03-24 14:00:00+05:30,52746.35,52807.35,52694.95,52747.0,0
2026-03-24 14:05:00+05:30,52746.2,52798.1,52697.0,52734.45,0
2026-03-24 14:10:00+05:30,52736.0,52819.35,52732.05,52809.45,0
2026-03-24 14:15:00+05:30,52814.45,52917.75,52741.05,52746.6,0
2026-03-24 14:20:00+05:30,52746.9,52805.6,52652.0,52745.25,0
2026-03-24 14:25:00+05:30,52746.6,52765.5,52694.25,52726.45,0
2026-03-24 14:30:00+05:30,52726.45,52728.8,52670.75,52691.65,0
2026-03-24 14:35:00+05:30,52692.3,52715.8,52568.35,52570.5,0
2026-03-24 14:40:00+05:30,52569.25,52684.75,52530.75,52587.65,0
2026-03-24 14:45:00+05:30,52584.25,52629.25,52553.25,52625.25,0
2026-03-24 14:50:00+05:30,52623.75,52630.5,52550.8,52594.0,0
2026-03-24 14:55:00+05:30,52599.35,52717.0,52583.5,52668.9,0
2026-03-24 15:00:00+05:30,52671.6,52671.6,52566.4,52604.0,0
2026-03-24 15:05:00+05:30,52604.0,52682.45,52566.9,52609.2,0
2026-03-24 15:10:00+05:30,52609.2,52621.4,52542.8,52548.0,0
2026-03-24 15:15:00+05:30,52548.0,52642.9,52493.15,52634.15,0
2026-03-24 15:20:00+05:30,52634.15,52660.2,52612.05,52650.25,0
2026-03-24 15:25:00+05:30,52650.25,52753.1,52646.3,52745.65,0
2026-03-25 09:15:00+05:30,53024.75,53459.8,53024.75,53421.25,0
2026-03-25 09:20:00+05:30,53419.9,53533.7,53419.9,53519.25,0
2026-03-25 09:25:00+05:30,53520.6,53571.8,53518.6,53545.6,0
2026-03-25 09:30:00+05:30,53545.75,53598.85,53525.15,53586.9,0
2026-03-25 09:35:00+05:30,53584.25,53599.1,53477.15,53504.85,0
2026-03-25 09:40:00+05:30,53507.3,53695.4,53461.2,53689.05,0
2026-03-25 09:45:00+05:30,53686.85,53754.2,53644.0,53651.9,0
2026-03-25 09:50:00+05:30,53652.45,53687.95,53627.2,53681.75,0
2026-03-25 09:55:00+05:30,53677.6,53688.6,53605.15,53642.75,0
2026-03-25 10:00:00+05:30,53637.0,53684.1,53614.25,53628.95,0
2026-03-25 10:05:00+05:30,53630.1,53675.9,53528.9,53666.75,0
2026-03-25 10:10:00+05:30,53669.7,53719.3,53659.7,53718.75,0
2026-03-25 10:15:00+05:30,53713.25,53756.3,53661.4,53709.5,0
2026-03-25 10:20:00+05:30,53709.7,53751.25,53628.05,53643.15,0
2026-03-25 10:25:00+05:30,53643.6,53725.1,53641.0,53720.1,0
2026-03-25 10:30:00+05:30,53715.55,53741.5,53664.85,53699.1,0
2026-03-25 10:35:00+05:30,53700.55,53715.0,53677.5,53694.7,0
2026-03-25 10:40:00+05:30,53696.8,53867.1,53695.2,53850.3,0
2026-03-25 10:45:00+05:30,53851.0,53896.45,53843.15,53853.7,0
2026-03-25 10:50:00+05:30,53861.4,53893.85,53822.8,53879.7,0
2026-03-25 10:55:00+05:30,53881.35,53898.85,53844.45,53889.95,0
2026-03-25 11:00:00+05:30,53897.45,53926.9,53873.85,53893.6,0
2026-03-25 11:05:00+05:30,53894.75,53988.55,53882.55,53956.75,0
2026-03-25 11:10:00+05:30,53966.55,53990.15,53938.7,53987.2,0
2026-03-25 11:15:00+05:30,53985.65,54015.7,53927.95,53935.2,0
2026-03-25 11:20:00+05:30,53937.75,53951.6,53852.65,53855.8,0
2026-03-25 11:25:00+05:30,53855.6,53902.9,53839.65,53892.8,0
2026-03-25 11:30:00+05:30,53892.05,53919.45,53854.75,53867.75,0
2026-03-25 11:35:00+05:30,53865.55,53875.7,53683.0,53746.7,0
2026-03-25 11:40:00+05:30,53738.95,53811.55,53725.3,53794.15,0
2026-03-25 11:45:00+05:30,53792.45,53939.4,53773.4,53904.25,0
2026-03-25 11:50:00+05:30,53901.0,53992.75,53894.7,53979.6,0
2026-03-25 11:55:00+05:30,53975.9,54006.35,53935.05,53963.4,0
2026-03-25 12:00:00+05:30,53962.1,54003.55,53944.35,53997.9,0
2026-03-25 12:05:00+05:30,53997.25,54020.25,53953.2,53978.45,0
2026-03-25 12:10:00+05:30,53979.45,54096.95,53970.35,54090.05,0
2026-03-25 12:15:00+05:30,54095.3,54101.5,54016.85,54089.1,0
2026-03-25 12:20:00+05:30,54096.2,54104.55,54049.25,54050.6,0
2026-03-25 12:25:00+05:30,54053.95,54053.95,54000.75,54022.45,0
2026-03-25 12:30:00+05:30,54027.0,54146.15,53980.0,54093.35,0
2026-03-25 12:35:00+05:30,54097.3,54104.45,54024.45,54025.85,0
2026-03-25 12:40:00+05:30,54031.25,54075.3,54009.65,54059.85,0
2026-03-25 12:45:00+05:30,54062.2,54075.6,53942.9,53959.0,0
2026-03-25 12:50:00+05:30,53959.7,53959.7,53868.25,53878.7,0
2026-03-25 12:55:00+05:30,53883.0,53919.05,53839.55,53843.65,0
2026-03-25 13:00:00+05:30,53842.05,53947.65,53827.05,53924.2,0
2026-03-25 13:05:00+05:30,53927.9,53986.8,53877.85,53900.3,0
2026-03-25 13:10:00+05:30,53904.8,53929.15,53889.55,53900.8,0
2026-03-25 13:15:00+05:30,53899.45,53949.85,53853.8,53853.8,0
2026-03-25 13:20:00+05:30,53852.4,53892.1,53830.85,53881.85,0
2026-03-25 13:25:00+05:30,53878.9,53974.9,53878.9,53951.55,0
2026-03-25 13:30:00+05:30,53950.2,53982.2,53862.35,53963.15,0
2026-03-25 13:35:00+05:30,53964.85,54021.65,53953.5,53993.6,0
2026-03-25 13:40:00+05:30,53993.6,54035.35,53966.9,54027.3,0
2026-03-25 13:45:00+05:30,54030.5,54071.4,54014.8,54066.05,0
2026-03-25 13:50:00+05:30,54065.05,54111.0,53996.25,54021.2,0
2026-03-25 13:55:00+05:30,54030.2,54076.7,53997.15,54052.6,0
2026-03-25 14:00:00+05:30,54057.95,54119.5,54033.2,54070.0,0
2026-03-25 14:05:00+05:30,54080.0,54081.15,53953.6,53974.0,0
2026-03-25 14:10:00+05:30,53973.35,54000.2,53902.9,53907.65,0
2026-03-25 14:15:00+05:30,53915.7,53927.2,53869.65,53873.05,0
2026-03-25 14:20:00+05:30,53877.95,53907.25,53732.75,53752.05,0
2026-03-25 14:25:00+05:30,53757.85,53841.75,53743.3,53824.4,0
2026-03-25 14:30:00+05:30,53827.95,53869.1,53763.9,53811.6,0
2026-03-25 14:35:00+05:30,53816.4,53839.2,53765.85,53806.2,0
2026-03-25 14:40:00+05:30,53806.65,53898.25,53804.75,53853.7,0
2026-03-25 14:45:00+05:30,53851.75,53881.7,53776.1,53815.05,0
2026-03-25 14:50:00+05:30,53810.55,53825.25,53738.5,53759.45,0
2026-03-25 14:55:00+05:30,53756.15,53783.6,53739.35,53763.55,0
2026-03-25 15:00:00+05:30,53764.5,53859.9,53623.85,53783.65,0
2026-03-25 15:05:00+05:30,53783.65,53786.7,53659.0,53753.05,0
2026-03-25 15:10:00+05:30,53753.05,53753.05,53657.1,53676.15,0
2026-03-25 15:15:00+05:30,53676.1,53735.95,53659.85,53666.85,0
2026-03-25 15:20:00+05:30,53666.85,53703.75,53653.35,53687.0,0
2026-03-25 15:25:00+05:30,53687.0,53700.5,53653.75,53689.95,0
2026-03-27 09:15:00+05:30,53244.25,53292.5,52821.6,52842.15,0
2026-03-27 09:20:00+05:30,52839.8,52955.85,52773.1,52885.85,0
2026-03-27 09:25:00+05:30,52889.55,52893.1,52800.9,52810.7,0
2026-03-27 09:30:00+05:30,52813.1,52845.6,52731.25,52742.3,0
2026-03-27 09:35:00+05:30,52740.5,52759.65,52696.0,52739.0,0
2026-03-27 09:40:00+05:30,52741.1,52799.0,52724.3,52791.45,0
2026-03-27 09:45:00+05:30,52783.6,52793.35,52715.95,52756.5,0
2026-03-27 09:50:00+05:30,52755.2,52774.5,52709.95,52716.0,0
2026-03-27 09:55:00+05:30,52713.95,52721.95,52638.95,52681.55,0
2026-03-27 10:00:00+05:30,52678.5,52774.25,52657.35,52759.35,0
2026-03-27 10:05:00+05:30,52756.85,52759.0,52640.95,52716.6,0
2026-03-27 10:10:00+05:30,52717.65,52717.65,52615.2,52629.1,0
2026-03-27 10:15:00+05:30,52632.4,52669.2,52595.05,52615.9,0
2026-03-27 10:20:00+05:30,52616.15,52703.75,52591.15,52680.15,0
2026-03-27 10:25:00+05:30,52677.0,52700.3,52634.35,52691.2,0
2026-03-27 10:30:00+05:30,52692.2,52761.15,52656.8,52674.75,0
2026-03-27 10:35:00+05:30,52673.3,52757.25,52670.7,52751.0,0
2026-03-27 10:40:00+05:30,52751.1,52751.75,52639.8,52658.5,0
2026-03-27 10:45:00+05:30,52656.15,52667.35,52603.25,52622.4,0
2026-03-27 10:50:00+05:30,52621.2,52635.55,52556.3,52565.45,0
2026-03-27 10:55:00+05:30,52564.25,52612.45,52533.1,52584.3,0
2026-03-27 11:00:00+05:30,52584.7,52625.75,52536.1,52554.4,0
2026-03-27 11:05:00+05:30,52556.3,52603.15,52531.15,52584.45,0
2026-03-27 11:10:00+05:30,52587.6,52610.0,52564.3,52591.95,0
2026-03-27 11:15:00+05:30,52591.75,52616.55,52519.95,52524.05,0
2026-03-27 11:20:00+05:30,52528.05,52546.1,52509.1,52518.8,0
2026-03-27 11:25:00+05:30,52523.25,52545.85,52434.75,52453.95,0
2026-03-27 11:30:00+05:30,52455.65,52533.35,52447.5,52502.1,0
2026-03-27 11:35:00+05:30,52501.7,52556.9,52494.7,52535.85,0
2026-03-27 11:40:00+05:30,52536.5,52566.95,52477.2,52528.8,0
2026-03-27 11:45:00+05:30,52528.8,52558.1,52490.75,52512.9,0
2026-03-27 11:50:00+05:30,52514.2,52556.35,52500.5,52554.75,0
2026-03-27 11:55:00+05:30,52552.45,52559.3,52509.45,52540.55,0
2026-03-27 12:00:00+05:30,52537.35,52539.05,52457.9,52511.45,0
2026-03-27 12:05:00+05:30,52512.0,52560.4,52500.6,52513.35,0
2026-03-27 12:10:00+05:30,52511.65,52530.2,52484.95,52492.15,0
2026-03-27 12:15:00+05:30,52487.35,52495.35,52427.65,52454.0,0
2026-03-27 12:20:00+05:30,52452.9,52515.9,52443.25,52515.1,0
2026-03-27 12:25:00+05:30,52515.6,52614.4,52495.45,52601.7,0
2026-03-27 12:30:00+05:30,52605.25,52605.25,52511.85,52580.15,0
2026-03-27 12:35:00+05:30,52580.2,52594.05,52535.85,52550.6,0
2026-03-27 12:40:00+05:30,52551.25,52613.7,52542.45,52613.7,0
2026-03-27 12:45:00+05:30,52607.45,52610.45,52565.65,52599.55,0
2026-03-27 12:50:00+05:30,52603.65,52668.5,52545.15,52605.65,0
2026-03-27 12:55:00+05:30,52605.35,52618.6,52563.1,52574.35,0
2026-03-27 13:00:00+05:30,52575.3,52594.85,52563.0,52564.45,0
2026-03-27 13:05:00+05:30,52563.85,52605.75,52561.65,52572.1,0
2026-03-27 13:10:00+05:30,52571.35,52632.45,52556.0,52615.65,0
2026-03-27 13:15:00+05:30,52617.15,52707.9,52603.25,52650.4,0
2026-03-27 13:20:00+05:30,52650.55,52668.0,52598.95,52652.4,0
2026-03-27 13:25:00+05:30,52652.8,52672.9,52595.65,52598.9,0
2026-03-27 13:30:00+05:30,52601.65,52601.65,52537.7,52569.8,0
2026-03-27 13:35:00+05:30,52566.95,52583.35,52528.35,52543.3,0
2026-03-27 13:40:00+05:30,52542.75,52590.9,52533.25,52545.75,0
2026-03-27 13:45:00+05:30,52546.15,52576.0,52498.25,52504.35,0
2026-03-27 13:50:00+05:30,52504.75,52555.75,52501.55,52523.9,0
2026-03-27 13:55:00+05:30,52526.2,52540.4,52491.0,52514.9,0
2026-03-27 14:00:00+05:30,52518.05,52555.25,52502.65,52508.2,0
2026-03-27 14:05:00+05:30,52507.8,52513.7,52444.45,52473.6,0
2026-03-27 14:10:00+05:30,52474.7,52514.65,52421.95,52504.6,0
2026-03-27 14:15:00+05:30,52502.95,52511.35,52439.25,52445.5,0
2026-03-27 14:20:00+05:30,52443.5,52471.7,52407.8,52427.8,0
2026-03-27 14:25:00+05:30,52428.65,52462.7,52404.0,52422.85,0
2026-03-27 14:30:00+05:30,52421.4,52425.8,52338.55,52352.1,0
2026-03-27 14:35:00+05:30,52355.35,52392.15,52279.3,52285.5,0
2026-03-27 14:40:00+05:30,52277.4,52346.6,52271.75,52306.2,0
2026-03-27 14:45:00+05:30,52304.9,52344.75,52293.65,52335.95,0
2026-03-27 14:50:00+05:30,52332.85,52369.95,52300.35,52322.65,0
2026-03-27 14:55:00+05:30,52320.55,52344.95,52278.0,52293.45,0
2026-03-27 15:00:00+05:30,52297.85,52319.85,52236.45,52272.85,0
2026-03-27 15:05:00+05:30,52272.85,52288.55,52235.5,52279.9,0
2026-03-27 15:10:00+05:30,52279.9,52332.15,52272.15,52309.4,0
2026-03-27 15:15:00+05:30,52309.4,52314.1,52253.25,52276.45,0
2026-03-27 15:20:00+05:30,52276.45,52291.25,52221.35,52232.7,0
2026-03-27 15:25:00+05:30,52232.7,52364.35,52211.2,52364.35,0
2026-03-30 09:15:00+05:30,51527.9,51624.5,50954.6,50973.15,0
2026-03-30 09:20:00+05:30,50971.95,51007.7,50915.25,50922.55,0
2026-03-30 09:25:00+05:30,50915.4,51143.0,50888.15,51082.55,0
2026-03-30 09:30:00+05:30,51085.15,51350.5,51079.6,51342.75,0
2026-03-30 09:35:00+05:30,51339.45,51360.2,51204.95,51214.5,0
2026-03-30 09:40:00+05:30,51213.3,51322.3,51166.1,51212.2,0
2026-03-30 09:45:00+05:30,51212.95,51272.75,51125.35,51133.35,0
2026-03-30 09:50:00+05:30,51127.75,51215.4,51065.05,51065.05,0
2026-03-30 09:55:00+05:30,51059.75,51111.45,51036.25,51088.35,0
2026-03-30 10:00:00+05:30,51087.05,51218.5,51056.85,51197.35,0
2026-03-30 10:05:00+05:30,51196.45,51197.0,51053.2,51071.0,0
2026-03-30 10:10:00+05:30,51069.1,51104.4,50993.2,51104.4,0
2026-03-30 10:15:00+05:30,51101.4,51117.45,50973.7,50981.3,0
2026-03-30 10:20:00+05:30,50982.6,51022.1,50953.4,51003.7,0
2026-03-30 10:25:00+05:30,51001.5,51057.1,50946.9,50950.8,0
2026-03-30 10:30:00+05:30,50952.65,50967.2,50913.55,50953.15,0
2026-03-30 10:35:00+05:30,50956.35,51029.85,50954.0,50986.4,0
2026-03-30 10:40:00+05:30,50993.95,51029.7,50916.75,50921.45,0
2026-03-30 10:45:00+05:30,50917.65,50972.85,50905.35,50953.3,0
2026-03-30 10:50:00+05:30,50957.5,50979.05,50862.8,50874.0,0
2026-03-30 10:55:00+05:30,50874.25,50958.1,50839.9,50842.55,0
2026-03-30 11:00:00+05:30,50841.95,50903.15,50834.9,50882.3,0
2026-03-30 11:05:00+05:30,50883.8,50897.5,50798.5,50798.5,0
2026-03-30 11:10:00+05:30,50797.8,50829.15,50767.0,50808.45,0
2026-03-30 11:15:00+05:30,50804.85,50819.8,50773.55,50803.9,0
2026-03-30 11:20:00+05:30,50801.25,50848.75,50776.45,50835.65,0
2026-03-30 11:25:00+05:30,50835.4,50854.25,50809.15,50819.95,0
2026-03-30 11:30:00+05:30,50818.25,50892.4,50787.4,50887.9,0
2026-03-30 11:35:00+05:30,50882.45,50935.3,50871.05,50886.65,0
2026-03-30 11:40:00+05:30,50881.55,50889.75,50797.55,50807.05,0
2026-03-30 11:45:00+05:30,50802.1,50808.25,50758.35,50785.85,0
2026-03-30 11:50:00+05:30,50784.95,50818.45,50744.6,50810.9,0
2026-03-30 11:55:00+05:30,50811.4,50847.15,50789.05,50812.4,0
2026-03-30 12:00:00+05:30,50812.55,50938.75,50806.5,50907.3,0
2026-03-30 12:05:00+05:30,50908.15,50973.5,50866.9,50907.8,0
2026-03-30 12:10:00+05:30,50905.85,50963.85,50896.85,50931.4,0
2026-03-30 12:15:00+05:30,50926.3,50943.25,50877.1,50918.05,0
2026-03-30 12:20:00+05:30,50922.25,51008.95,50840.95,50841.9,0
2026-03-30 12:25:00+05:30,50844.15,50869.2,50804.3,50830.2,0
2026-03-30 12:30:00+05:30,50833.7,50847.0,50800.9,50825.25,0
2026-03-30 12:35:00+05:30,50827.4,50913.5,50817.7,50904.45,0
2026-03-30 12:40:00+05:30,50904.95,50939.25,50883.75,50910.65,0
2026-03-30 12:45:00+05:30,50910.15,50926.45,50843.85,50843.85,0
2026-03-30 12:50:00+05:30,50851.0,50871.35,50779.25,50808.7,0
2026-03-30 12:55:00+05:30,50807.15,50809.25,50766.95,50795.45,0
2026-03-30 13:00:00+05:30,50792.35,50803.35,50742.25,50756.8,0
2026-03-30 13:05:00+05:30,50756.5,50817.75,50741.5,50771.15,0
2026-03-30 13:10:00+05:30,50771.6,50803.55,50733.2,50774.95,0
2026-03-30 13:15:00+05:30,50772.55,50811.2,50718.0,50741.25,0
2026-03-30 13:20:00+05:30,50740.9,50767.0,50716.95,50727.4,0
2026-03-30 13:25:00+05:30,50725.25,50731.7,50651.15,50694.8,0
2026-03-30 13:30:00+05:30,50693.15,50714.25,50658.65,50714.25,0
2026-03-30 13:35:00+05:30,50712.1,50741.6,50672.2,50714.55,0
2026-03-30 13:40:00+05:30,50714.4,50730.95,50646.55,50662.2,0
2026-03-30 13:45:00+05:30,50665.4,50669.7,50625.35,50632.3,0
2026-03-30 13:50:00+05:30,50630.6,50656.3,50608.65,50631.35,0
2026-03-30 13:55:00+05:30,50624.95,50674.95,50603.15,50610.3,0
2026-03-30 14:00:00+05:30,50608.2,50708.3,50596.25,50651.55,0
2026-03-30 14:05:00+05:30,50652.65,50695.95,50630.2,50645.45,0
2026-03-30 14:10:00+05:30,50642.1,50649.85,50600.4,50612.25,0
2026-03-30 14:15:00+05:30,50608.7,50621.8,50577.6,50594.45,0
2026-03-30 14:20:00+05:30,50593.45,50625.45,50455.0,50477.85,0
2026-03-30 14:25:00+05:30,50474.15,50510.4,50457.95,50466.15,0
2026-03-30 14:30:00+05:30,50464.65,50539.35,50436.9,50452.2,0
2026-03-30 14:35:00+05:30,50448.45,50465.0,50397.9,50436.1,0
2026-03-30 14:40:00+05:30,50435.8,50481.05,50422.25,50461.65,0
2026-03-30 14:45:00+05:30,50456.45,50492.95,50392.85,50428.5,0
2026-03-30 14:50:00+05:30,50428.9,50466.15,50363.7,50377.4,0
2026-03-30 14:55:00+05:30,50379.4,50407.0,50337.75,50365.7,0
2026-03-30 15:00:00+05:30,50367.85,50367.85,50105.25,50131.15,0
2026-03-30 15:05:00+05:30,50131.15,50253.65,50125.35,50244.8,0
2026-03-30 15:10:00+05:30,50244.8,50315.55,50211.05,50297.0,0
2026-03-30 15:15:00+05:30,50297.0,50333.3,50262.4,50297.6,0
2026-03-30 15:20:00+05:30,50297.6,50423.8,50285.3,50414.1,0
2026-03-30 15:25:00+05:30,50414.1,50443.6,50344.9,50403.35,0
